filename,plate_text,plate_type
plate_0000.jpg,RJ70WT7399,india_old_private
plate_0001.jpg,NL70ZW9755,india_hsrp_private
plate_0002.jpg,GJ75JU1085,india_hsrp_commercial
plate_0003.jpg,AB83ABC,foreign_uk_style
plate_0004.jpg,LD06LF3623,india_hsrp_private
plate_0005.jpg,HP36KK5152,india_hsrp_private
plate_0006.jpg,CH65AH4810,india_hsrp_private
plate_0007.jpg,NY424MNP,foreign_us_generic
plate_0008.jpg,JK38FU1263,india_hsrp_commercial
plate_0009.jpg,MH87ZT4282,india_hsrp_private
plate_0010.jpg,FL842MNP,foreign_us_generic
plate_0011.jpg,AP32CR8108,india_hsrp_private
plate_0012.jpg,CD284MN,foreign_eu_generic
plate_0013.jpg,DN20LG6095,india_hsrp_private
plate_0014.jpg,LD61JL9419,india_hsrp_private
plate_0015.jpg,PY42TY1882,india_old_private
plate_0016.jpg,DL80BK2479,india_hsrp_private
plate_0017.jpg,DD77AR1307,india_hsrp_commercial
plate_0018.jpg,AP60EC7686,india_hsrp_private
plate_0019.jpg,ML40HU4430,india_hsrp_private
plate_0020.jpg,MN66AH2314,india_old_commercial
plate_0021.jpg,93752,foreign_gulf_style
plate_0022.jpg,MH47BH1071,india_hsrp_commercial
plate_0023.jpg,RJ26LG2804,india_hsrp_commercial
plate_0024.jpg,SK90MR4996,india_hsrp_commercial
plate_0025.jpg,GA60PU4978,india_hsrp_private
plate_0026.jpg,MH79DX5654,india_hsrp_ev
plate_0027.jpg,AR28JD2358,india_hsrp_ev
plate_0028.jpg,UK26SY5065,india_hsrp_commercial
plate_0029.jpg,HR86PW7324,india_hsrp_ev
plate_0030.jpg,SK97FF5952,india_hsrp_commercial
plate_0031.jpg,CH23HL6315,india_hsrp_commercial
plate_0032.jpg,NL77GL1610,india_hsrp_commercial
plate_0033.jpg,EF45XYZ,foreign_uk_style
plate_0034.jpg,AS94JV2257,india_hsrp_private
plate_0035.jpg,TN91WK7720,india_hsrp_private
plate_0036.jpg,TN67AY8527,india_hsrp_commercial
plate_0037.jpg,NL39RY7194,india_hsrp_commercial
plate_0038.jpg,MP51YU5069,india_hsrp_private
plate_0039.jpg,PB63JR8238,india_hsrp_private
plate_0040.jpg,GA14MY3960,india_old_private
plate_0041.jpg,KA85VC1429,india_old_commercial
plate_0042.jpg,TN16TD1515,india_old_ev
plate_0043.jpg,WB81LR9717,india_hsrp_private
plate_0044.jpg,DN10KX9035,india_hsrp_private
plate_0045.jpg,RJ29JY9237,india_hsrp_commercial
plate_0046.jpg,GH773XY,foreign_eu_generic
plate_0047.jpg,DN15UY8751,india_hsrp_private
plate_0048.jpg,SK52TY2819,india_hsrp_commercial
plate_0049.jpg,MN58MZ6673,india_hsrp_commercial
plate_0050.jpg,AB696MN,foreign_eu_generic
plate_0051.jpg,JK60FR4867,india_hsrp_private
plate_0052.jpg,TS59VZ9514,india_hsrp_private
plate_0053.jpg,AS72ZG8109,india_hsrp_commercial
plate_0054.jpg,JH34MF5112,india_hsrp_commercial
plate_0055.jpg,TN55VV5629,india_hsrp_private
plate_0056.jpg,DL67AR2065,india_hsrp_private
plate_0057.jpg,TS03NS8377,india_hsrp_commercial
plate_0058.jpg,CD12ABC,foreign_uk_style
plate_0059.jpg,UP66GS2357,india_hsrp_commercial
plate_0060.jpg,PB98BK9675,india_hsrp_ev
plate_0061.jpg,PB34FH5702,india_hsrp_commercial
plate_0062.jpg,AB80KLM,foreign_uk_style
plate_0063.jpg,TR55TD3775,india_hsrp_private
plate_0064.jpg,PY13XS7913,india_old_private
plate_0065.jpg,DD46CL4322,india_hsrp_private
plate_0066.jpg,GA36XM5110,india_old_ev
plate_0067.jpg,KL59RX1642,india_hsrp_commercial
plate_0068.jpg,KA14AX5968,india_hsrp_private
plate_0069.jpg,CA167ABC,foreign_us_generic
plate_0070.jpg,LD05MV7360,india_hsrp_commercial
plate_0071.jpg,MZ17DH7351,india_hsrp_private
plate_0072.jpg,LD51GJ8436,india_hsrp_commercial
plate_0073.jpg,FL924XYZ,foreign_us_generic
plate_0074.jpg,RJ07PP4553,india_hsrp_ev
plate_0075.jpg,WB09FN5463,india_hsrp_private
plate_0076.jpg,KA25YE8140,india_hsrp_commercial
plate_0077.jpg,UP20GF1677,india_hsrp_ev
plate_0078.jpg,MH90AD2491,india_hsrp_private
plate_0079.jpg,NL99LM6974,india_hsrp_private
plate_0080.jpg,UK13RP3985,india_hsrp_commercial
plate_0081.jpg,JH68CL5237,india_hsrp_commercial
plate_0082.jpg,CH34BL8881,india_old_private
plate_0083.jpg,WB96TH4319,india_hsrp_private
plate_0084.jpg,LD86CM2295,india_hsrp_private
plate_0085.jpg,OR45EK8279,india_old_commercial
plate_0086.jpg,MP13SC2656,india_hsrp_commercial
plate_0087.jpg,SK48XZ2041,india_old_commercial
plate_0088.jpg,MP66BN9672,india_hsrp_private
plate_0089.jpg,UK82CN8608,india_hsrp_private
plate_0090.jpg,MN12CR6789,india_hsrp_private
plate_0091.jpg,AB307XY,foreign_eu_generic
plate_0092.jpg,LD79EY6344,india_hsrp_private
plate_0093.jpg,JK69DZ7367,india_hsrp_private
plate_0094.jpg,HP51KR4774,india_hsrp_commercial
plate_0095.jpg,AB702MN,foreign_eu_generic
plate_0096.jpg,CA155MNP,foreign_us_generic
plate_0097.jpg,CD71ABC,foreign_uk_style
plate_0098.jpg,CH24WJ7684,india_hsrp_private
plate_0099.jpg,DD24KA3898,india_hsrp_commercial
plate_0100.jpg,BR25KW2606,india_hsrp_private
plate_0101.jpg,45509,foreign_gulf_style
plate_0102.jpg,CH78SN3022,india_hsrp_commercial
plate_0103.jpg,JH68HT7081,india_hsrp_commercial
plate_0104.jpg,PB65DY5498,india_old_private
plate_0105.jpg,NL87FK6368,india_old_commercial
plate_0106.jpg,GJ34NH2851,india_hsrp_private
plate_0107.jpg,JK74JS7679,india_old_private
plate_0108.jpg,KL11ZS5178,india_old_private
plate_0109.jpg,MZ73ZM6231,india_old_private
plate_0110.jpg,AR49DD4680,india_hsrp_commercial
plate_0111.jpg,UK45ET4712,india_hsrp_commercial
plate_0112.jpg,ML75JU8058,india_old_ev
plate_0113.jpg,PB38NF8701,india_hsrp_private
plate_0114.jpg,WB38VB9579,india_hsrp_private
plate_0115.jpg,KL45ED3468,india_hsrp_private
plate_0116.jpg,TR89CD3047,india_old_private
plate_0117.jpg,MP16DZ6686,india_hsrp_ev
plate_0118.jpg,AB53XYZ,foreign_uk_style
plate_0119.jpg,BR87ZP8832,india_hsrp_ev
plate_0120.jpg,HR01MC9428,india_hsrp_private
plate_0121.jpg,KA88NS5250,india_old_private
plate_0122.jpg,AP72TK6691,india_hsrp_private
plate_0123.jpg,87430,foreign_gulf_style
plate_0124.jpg,AN65SN5949,india_hsrp_commercial
plate_0125.jpg,MZ41FY3517,india_hsrp_commercial
plate_0126.jpg,UK58HE5692,india_old_private
plate_0127.jpg,GA81YM9383,india_hsrp_private
plate_0128.jpg,AR80DE1624,india_old_private
plate_0129.jpg,MZ55DS1288,india_hsrp_commercial
plate_0130.jpg,MH63DD1227,india_hsrp_private
plate_0131.jpg,DD39VC5426,india_old_private
plate_0132.jpg,JK86BE4878,india_hsrp_private
plate_0133.jpg,DL95HT2783,india_hsrp_commercial
plate_0134.jpg,GA65CE1532,india_hsrp_commercial
plate_0135.jpg,JK84EK5570,india_hsrp_private
plate_0136.jpg,AP85TJ2378,india_old_ev
plate_0137.jpg,CA705MNP,foreign_us_generic
plate_0138.jpg,HP58SS2878,india_hsrp_private
plate_0139.jpg,RJ62ZT2316,india_old_ev
plate_0140.jpg,UP55FU4187,india_hsrp_private
plate_0141.jpg,PB73ED2587,india_hsrp_commercial
plate_0142.jpg,JK35NC6513,india_hsrp_commercial
plate_0143.jpg,MP72RB7192,india_old_commercial
plate_0144.jpg,33804,foreign_gulf_style
plate_0145.jpg,PY49DM4591,india_hsrp_private
plate_0146.jpg,MN05PS8274,india_hsrp_ev
plate_0147.jpg,KL06VM9343,india_hsrp_commercial
plate_0148.jpg,KL41YP1375,india_hsrp_commercial
plate_0149.jpg,AR65RG7032,india_hsrp_commercial
plate_0150.jpg,NL28YY5223,india_old_private
plate_0151.jpg,AP51TV4285,india_hsrp_commercial
plate_0152.jpg,MZ46NR3912,india_hsrp_commercial
plate_0153.jpg,GH498MN,foreign_eu_generic
plate_0154.jpg,74251,foreign_gulf_style
plate_0155.jpg,AS73DB5536,india_hsrp_private
plate_0156.jpg,MH75WH6760,india_hsrp_private
plate_0157.jpg,UP03RS9502,india_old_private
plate_0158.jpg,BR24RK2365,india_hsrp_private
plate_0159.jpg,DN72FN6534,india_hsrp_commercial
plate_0160.jpg,ML26DA1821,india_hsrp_private
plate_0161.jpg,PY64AY7938,india_old_private
plate_0162.jpg,TX514ABC,foreign_us_generic
plate_0163.jpg,NL20YZ9698,india_hsrp_private
plate_0164.jpg,CA173ABC,foreign_us_generic
plate_0165.jpg,OR73SS3751,india_hsrp_commercial
plate_0166.jpg,AS32JM3139,india_hsrp_private
plate_0167.jpg,MZ22VZ6011,india_hsrp_commercial
plate_0168.jpg,MH31KP4253,india_hsrp_private
plate_0169.jpg,JH49RE5786,india_hsrp_private
plate_0170.jpg,TS34MV8444,india_hsrp_private
plate_0171.jpg,UK56PD9530,india_hsrp_private
plate_0172.jpg,AN22EF2741,india_hsrp_commercial
plate_0173.jpg,95961,foreign_gulf_style
plate_0174.jpg,UK34TS5519,india_hsrp_private
plate_0175.jpg,TR34FJ7137,india_hsrp_commercial
plate_0176.jpg,TR80FY2260,india_old_commercial
plate_0177.jpg,NL42JA4755,india_hsrp_private
plate_0178.jpg,GH678MN,foreign_eu_generic
plate_0179.jpg,AR98UW5393,india_hsrp_private
plate_0180.jpg,DL39SA5164,india_hsrp_private
plate_0181.jpg,GH344KL,foreign_eu_generic
plate_0182.jpg,GA33TN3593,india_hsrp_private
plate_0183.jpg,AB854MN,foreign_eu_generic
plate_0184.jpg,DL24PV5467,india_hsrp_commercial
plate_0185.jpg,GJ25DE2202,india_hsrp_private
plate_0186.jpg,AN65HL1228,india_hsrp_private
plate_0187.jpg,RJ12FC5989,india_hsrp_commercial
plate_0188.jpg,DN60ZH4099,india_hsrp_commercial
plate_0189.jpg,AN33HP8364,india_hsrp_private
plate_0190.jpg,MZ25JJ3762,india_old_private
plate_0191.jpg,PY13NM4399,india_hsrp_private
plate_0192.jpg,AP02WB1925,india_old_private
plate_0193.jpg,GJ54XF9624,india_hsrp_private
plate_0194.jpg,AS92BY5485,india_old_private
plate_0195.jpg,GA10DJ5314,india_hsrp_private
plate_0196.jpg,PB75BW3273,india_hsrp_commercial
plate_0197.jpg,AN81HC1207,india_hsrp_private
plate_0198.jpg,TS47RH9636,india_hsrp_commercial
plate_0199.jpg,TN81ET7965,india_hsrp_commercial
plate_0200.jpg,EF86KLM,foreign_uk_style
plate_0201.jpg,AR25TU8642,india_hsrp_private
plate_0202.jpg,TR74PC2298,india_hsrp_private
plate_0203.jpg,CA426ABC,foreign_us_generic
plate_0204.jpg,MZ36LH3783,india_old_private
plate_0205.jpg,TR25CG3116,india_hsrp_private
plate_0206.jpg,AR06CB2374,india_old_commercial
plate_0207.jpg,MN53ZA4242,india_old_private
plate_0208.jpg,AN62KP1229,india_hsrp_private
plate_0209.jpg,AS98HJ3113,india_old_private
plate_0210.jpg,JH47ZK8477,india_hsrp_private
plate_0211.jpg,ML97UT9979,india_hsrp_private
plate_0212.jpg,HR84UF2002,india_hsrp_commercial
plate_0213.jpg,EF11KLM,foreign_uk_style
plate_0214.jpg,SK16SS5925,india_hsrp_private
plate_0215.jpg,UP69PA6749,india_hsrp_private
plate_0216.jpg,CD481XY,foreign_eu_generic
plate_0217.jpg,TR15ZU8399,india_hsrp_commercial
plate_0218.jpg,TR45EB1567,india_hsrp_private
plate_0219.jpg,NL75BN6283,india_hsrp_private
plate_0220.jpg,ML72RF4709,india_hsrp_commercial
plate_0221.jpg,ML27AP2641,india_hsrp_private
plate_0222.jpg,SK01KL3251,india_old_commercial
plate_0223.jpg,AP99ZB1511,india_old_commercial
plate_0224.jpg,NL26UX5588,india_hsrp_private
plate_0225.jpg,RJ33UW8997,india_hsrp_private
plate_0226.jpg,19520,foreign_gulf_style
plate_0227.jpg,MP17GE3752,india_hsrp_private
plate_0228.jpg,UK92TE7307,india_old_private
plate_0229.jpg,79625,foreign_gulf_style
plate_0230.jpg,MZ56HV5331,india_old_private
plate_0231.jpg,JK12DY5795,india_hsrp_private
plate_0232.jpg,OR55RZ6631,india_old_private
plate_0233.jpg,SK95AS1010,india_hsrp_commercial
plate_0234.jpg,ML22XX5796,india_hsrp_private
plate_0235.jpg,GA14ZL8948,india_old_private
plate_0236.jpg,EF566XY,foreign_eu_generic
plate_0237.jpg,CD711MN,foreign_eu_generic
plate_0238.jpg,AR97NN8036,india_old_private
plate_0239.jpg,TS20FX5353,india_hsrp_private
plate_0240.jpg,UK31PG2141,india_hsrp_private
plate_0241.jpg,PB84ZB8178,india_hsrp_private
plate_0242.jpg,KA85ZV9985,india_hsrp_private
plate_0243.jpg,KL52FP1889,india_old_ev
plate_0244.jpg,DD18ZB3146,india_old_private
plate_0245.jpg,TS59AM4085,india_hsrp_commercial
plate_0246.jpg,UP22DG8797,india_old_commercial
plate_0247.jpg,CA524ABC,foreign_us_generic
plate_0248.jpg,TX171XYZ,foreign_us_generic
plate_0249.jpg,MH70EJ1500,india_hsrp_commercial
plate_0250.jpg,GJ01GJ3675,india_old_commercial
plate_0251.jpg,23191,foreign_gulf_style
plate_0252.jpg,JH67AJ5365,india_hsrp_private
plate_0253.jpg,PY70JB5855,india_hsrp_commercial
plate_0254.jpg,OR55JV4061,india_old_commercial
plate_0255.jpg,DD15HC4540,india_hsrp_private
plate_0256.jpg,DD67KC5243,india_hsrp_private
plate_0257.jpg,KA13WE4361,india_hsrp_private
plate_0258.jpg,AB19KLM,foreign_uk_style
plate_0259.jpg,BR81TG6809,india_hsrp_commercial
plate_0260.jpg,MP98RC4094,india_hsrp_private
plate_0261.jpg,DD25YY1895,india_hsrp_private
plate_0262.jpg,EF77XYZ,foreign_uk_style
plate_0263.jpg,35426,foreign_gulf_style
plate_0264.jpg,AS96EB3419,india_hsrp_private
plate_0265.jpg,MN90HK4379,india_old_ev
plate_0266.jpg,TS26WV4595,india_hsrp_private
plate_0267.jpg,MP27CE1281,india_hsrp_private
plate_0268.jpg,UK32WJ8796,india_hsrp_private
plate_0269.jpg,OR24YY9100,india_hsrp_ev
plate_0270.jpg,GJ85CU4003,india_old_private
plate_0271.jpg,GH745MN,foreign_eu_generic
plate_0272.jpg,JK89UP9626,india_hsrp_commercial
plate_0273.jpg,UP99ZK4395,india_hsrp_commercial
plate_0274.jpg,DN04WW5652,india_hsrp_private
plate_0275.jpg,UK95HS9207,india_hsrp_commercial
plate_0276.jpg,GH270MN,foreign_eu_generic
plate_0277.jpg,DD45VY6688,india_hsrp_private
plate_0278.jpg,JH45CZ6169,india_hsrp_private
plate_0279.jpg,AR62VV5605,india_hsrp_private
plate_0280.jpg,76383,foreign_gulf_style
plate_0281.jpg,AR47DM3882,india_hsrp_commercial
plate_0282.jpg,22622,foreign_gulf_style
plate_0283.jpg,25077,foreign_gulf_style
plate_0284.jpg,CD665MN,foreign_eu_generic
plate_0285.jpg,OR64UX9796,india_old_commercial
plate_0286.jpg,UP95UH6574,india_old_private
plate_0287.jpg,TR71SJ9401,india_old_private
plate_0288.jpg,MP78RP7023,india_hsrp_private
plate_0289.jpg,CH05AG6644,india_old_private
plate_0290.jpg,AB70KLM,foreign_uk_style
plate_0291.jpg,EF823MN,foreign_eu_generic
plate_0292.jpg,DL84KZ4248,india_hsrp_ev
plate_0293.jpg,AS85VJ2543,india_hsrp_private
plate_0294.jpg,UK32AF1940,india_hsrp_private
plate_0295.jpg,UK05TT4939,india_hsrp_private
plate_0296.jpg,79112,foreign_gulf_style
plate_0297.jpg,NL59BF8626,india_hsrp_ev
plate_0298.jpg,PY23LV1357,india_hsrp_ev
plate_0299.jpg,DD87GR1877,india_old_private
plate_0300.jpg,KL33WL3504,india_hsrp_private
plate_0301.jpg,DN83TZ7683,india_hsrp_ev
plate_0302.jpg,AN89MY1280,india_hsrp_private
plate_0303.jpg,MZ50NL4556,india_old_private
plate_0304.jpg,SK37DH7432,india_hsrp_private
plate_0305.jpg,ML02KV2695,india_hsrp_commercial
plate_0306.jpg,BR37TJ7757,india_hsrp_commercial
plate_0307.jpg,FL832MNP,foreign_us_generic
plate_0308.jpg,CH70VJ9449,india_hsrp_private
plate_0309.jpg,LD18BN6127,india_hsrp_private
plate_0310.jpg,AS44YB4912,india_hsrp_commercial
plate_0311.jpg,CH79VT6649,india_hsrp_commercial
plate_0312.jpg,HP48AX3537,india_hsrp_commercial
plate_0313.jpg,AP79HJ3959,india_hsrp_commercial
plate_0314.jpg,PY77EC7992,india_hsrp_private
plate_0315.jpg,GA51SJ3430,india_hsrp_commercial
plate_0316.jpg,PB76VE8284,india_hsrp_ev
plate_0317.jpg,TR03HZ3235,india_hsrp_commercial
plate_0318.jpg,GJ53EN2557,india_hsrp_private
plate_0319.jpg,HP46PJ8379,india_old_commercial
plate_0320.jpg,GJ08JS1296,india_hsrp_ev
plate_0321.jpg,KL14EZ4407,india_old_private
plate_0322.jpg,OR73GY9785,india_hsrp_ev
plate_0323.jpg,42324,foreign_gulf_style
plate_0324.jpg,TN69LR6787,india_old_private
plate_0325.jpg,HP59DW3865,india_hsrp_private
plate_0326.jpg,CD59KLM,foreign_uk_style
plate_0327.jpg,UK86TA2506,india_hsrp_private
plate_0328.jpg,JH28NL9133,india_hsrp_private
plate_0329.jpg,TN19DK5540,india_hsrp_private
plate_0330.jpg,SK64ST9903,india_hsrp_private
plate_0331.jpg,AN42HS3218,india_hsrp_ev
plate_0332.jpg,MN91HU1102,india_hsrp_private
plate_0333.jpg,DN46TU8496,india_old_commercial
plate_0334.jpg,PY43ZH5926,india_old_private
plate_0335.jpg,EF99XYZ,foreign_uk_style
plate_0336.jpg,MP05SS6909,india_old_private
plate_0337.jpg,TS59DC1751,india_hsrp_private
plate_0338.jpg,SK53JH4170,india_old_ev
plate_0339.jpg,AS53GV7720,india_hsrp_private
plate_0340.jpg,JK38UA7611,india_hsrp_private
plate_0341.jpg,WB70JL6177,india_hsrp_private
plate_0342.jpg,EF63KLM,foreign_uk_style
plate_0343.jpg,OR56VR8283,india_old_private
plate_0344.jpg,KL74AF1921,india_hsrp_private
plate_0345.jpg,BR44HA7184,india_hsrp_commercial
plate_0346.jpg,DD95DW5666,india_hsrp_commercial
plate_0347.jpg,PB45GD9271,india_hsrp_private
plate_0348.jpg,DD51YW4197,india_hsrp_private
plate_0349.jpg,AN99UX9952,india_hsrp_private
plate_0350.jpg,GA41EP6919,india_hsrp_private
plate_0351.jpg,TN89PP4175,india_hsrp_commercial
plate_0352.jpg,BR83AY5927,india_hsrp_private
plate_0353.jpg,ML99TL2211,india_hsrp_private
plate_0354.jpg,JK96JC5113,india_old_private
plate_0355.jpg,CA580XYZ,foreign_us_generic
plate_0356.jpg,UP39GU3181,india_hsrp_ev
plate_0357.jpg,SK22LG9029,india_hsrp_commercial
plate_0358.jpg,TR38FA3056,india_hsrp_private
plate_0359.jpg,HP90LV8238,india_hsrp_private
plate_0360.jpg,TS90BM7028,india_hsrp_private
plate_0361.jpg,MP23UX8570,india_old_private
plate_0362.jpg,37778,foreign_gulf_style
plate_0363.jpg,TS77AP8343,india_hsrp_private
plate_0364.jpg,AP51ZJ9658,india_hsrp_private
plate_0365.jpg,MP86JG5823,india_old_private
plate_0366.jpg,AB774XY,foreign_eu_generic
plate_0367.jpg,CD586KL,foreign_eu_generic
plate_0368.jpg,DL84GZ8025,india_hsrp_commercial
plate_0369.jpg,LD23YY3254,india_old_commercial
plate_0370.jpg,HP02DE9192,india_old_private
plate_0371.jpg,KL68LH9923,india_hsrp_ev
plate_0372.jpg,MZ94JC9622,india_hsrp_private
plate_0373.jpg,JK67CY4852,india_old_private
plate_0374.jpg,27342,foreign_gulf_style
plate_0375.jpg,AB35XYZ,foreign_uk_style
plate_0376.jpg,TN72FT1132,india_old_private
plate_0377.jpg,TR25JY9149,india_hsrp_ev
plate_0378.jpg,AB53ABC,foreign_uk_style
plate_0379.jpg,BR66NR1598,india_hsrp_private
plate_0380.jpg,DN75DP6344,india_hsrp_commercial
plate_0381.jpg,GH758MN,foreign_eu_generic
plate_0382.jpg,GA84ZY5721,india_hsrp_private
plate_0383.jpg,87931,foreign_gulf_style
plate_0384.jpg,DN03ZL5030,india_hsrp_commercial
plate_0385.jpg,JH84KV5286,india_hsrp_private
plate_0386.jpg,SK51GK8299,india_hsrp_private
plate_0387.jpg,TS56NY8181,india_old_ev
plate_0388.jpg,KA81KS1955,india_hsrp_private
plate_0389.jpg,AR95VW3599,india_hsrp_private
plate_0390.jpg,JK79UR9484,india_old_private
plate_0391.jpg,NL90WD4168,india_hsrp_private
plate_0392.jpg,PB92GT3741,india_hsrp_private
plate_0393.jpg,GH433MN,foreign_eu_generic
plate_0394.jpg,TN73SC1798,india_hsrp_private
plate_0395.jpg,BR46MT6229,india_old_private
plate_0396.jpg,37832,foreign_gulf_style
plate_0397.jpg,TS62BJ3737,india_hsrp_private
plate_0398.jpg,MN43HX4930,india_old_private
plate_0399.jpg,ML54AL8408,india_old_private
plate_0400.jpg,WB38FV1916,india_hsrp_commercial
plate_0401.jpg,ML10CP3770,india_hsrp_private
plate_0402.jpg,EF29KLM,foreign_uk_style
plate_0403.jpg,HR27GN8898,india_hsrp_ev
plate_0404.jpg,JH51MX4272,india_hsrp_ev
plate_0405.jpg,JH67JE9308,india_hsrp_private
plate_0406.jpg,AB539MN,foreign_eu_generic
plate_0407.jpg,CD160KL,foreign_eu_generic
plate_0408.jpg,HR17LJ6608,india_hsrp_private
plate_0409.jpg,MZ44AE4036,india_hsrp_commercial
plate_0410.jpg,AP07RX6024,india_old_private
plate_0411.jpg,ML16BK5122,india_hsrp_private
plate_0412.jpg,DL87WB1420,india_hsrp_commercial
plate_0413.jpg,MP16PH4939,india_old_commercial
plate_0414.jpg,KA23GZ9263,india_old_private
plate_0415.jpg,UP49PM5527,india_hsrp_private
plate_0416.jpg,AN67YF8995,india_hsrp_commercial
plate_0417.jpg,KL60RM1530,india_hsrp_private
plate_0418.jpg,24418,foreign_gulf_style
plate_0419.jpg,TR17GY5801,india_old_commercial
plate_0420.jpg,FL328MNP,foreign_us_generic
plate_0421.jpg,DN73WD8873,india_hsrp_commercial
plate_0422.jpg,MZ40YA7129,india_old_ev
plate_0423.jpg,GJ79AA6810,india_hsrp_private
plate_0424.jpg,EF13XYZ,foreign_uk_style
plate_0425.jpg,AN73GL4438,india_hsrp_private
plate_0426.jpg,PY55LA2620,india_hsrp_commercial
plate_0427.jpg,PY47KU3722,india_old_private
plate_0428.jpg,NY924XYZ,foreign_us_generic
plate_0429.jpg,TR87VR3707,india_hsrp_commercial
plate_0430.jpg,DL88KL1404,india_hsrp_private
plate_0431.jpg,JK50LN2774,india_hsrp_commercial
plate_0432.jpg,OR79LJ9147,india_hsrp_commercial
plate_0433.jpg,TS45YA7141,india_hsrp_private
plate_0434.jpg,CD589KL,foreign_eu_generic
plate_0435.jpg,NY143ABC,foreign_us_generic
plate_0436.jpg,FL701XYZ,foreign_us_generic
plate_0437.jpg,DD28CP4763,india_old_private
plate_0438.jpg,UP62GA2376,india_old_private
plate_0439.jpg,TR91RS3746,india_old_private
plate_0440.jpg,51606,foreign_gulf_style
plate_0441.jpg,TS40ZX7638,india_old_private
plate_0442.jpg,NL36RY9718,india_old_private
plate_0443.jpg,AN15SN4296,india_hsrp_private
plate_0444.jpg,AR78PA4663,india_old_commercial
plate_0445.jpg,HP98DP7868,india_old_commercial
plate_0446.jpg,AN44SM6306,india_hsrp_private
plate_0447.jpg,TR86NM8220,india_hsrp_private
plate_0448.jpg,DN78EV5120,india_hsrp_private
plate_0449.jpg,MH37TA3501,india_hsrp_private
plate_0450.jpg,KA56JE7365,india_old_private
plate_0451.jpg,AB157KL,foreign_eu_generic
plate_0452.jpg,AP33JZ8438,india_hsrp_private
plate_0453.jpg,GJ70ZC8945,india_hsrp_private
plate_0454.jpg,15793,foreign_gulf_style
plate_0455.jpg,BR79FC2037,india_hsrp_ev
plate_0456.jpg,RJ46WG4238,india_hsrp_private
plate_0457.jpg,MZ17CU2410,india_hsrp_commercial
plate_0458.jpg,MH45WA8900,india_hsrp_ev
plate_0459.jpg,13297,foreign_gulf_style
plate_0460.jpg,HR29AN1082,india_hsrp_ev
plate_0461.jpg,PY33HJ9597,india_hsrp_private
plate_0462.jpg,MH42UR7597,india_old_commercial
plate_0463.jpg,WB24LV8711,india_hsrp_private
plate_0464.jpg,GA76TR1088,india_hsrp_private
plate_0465.jpg,GA50TR1270,india_hsrp_commercial
plate_0466.jpg,NL01PS4666,india_hsrp_private
plate_0467.jpg,KL46KV4184,india_hsrp_commercial
plate_0468.jpg,GJ67JD9741,india_old_private
plate_0469.jpg,DN26NE4106,india_hsrp_private
plate_0470.jpg,PY59ST7631,india_old_private
plate_0471.jpg,UK36ZA8492,india_old_private
plate_0472.jpg,MP64WC3296,india_hsrp_private
plate_0473.jpg,DN52VV8448,india_hsrp_private
plate_0474.jpg,UP91EM2760,india_hsrp_commercial
plate_0475.jpg,EF271XY,foreign_eu_generic
plate_0476.jpg,TX806ABC,foreign_us_generic
plate_0477.jpg,ML86GA7278,india_hsrp_private
plate_0478.jpg,AB73ABC,foreign_uk_style
plate_0479.jpg,OR27LA4036,india_hsrp_commercial
plate_0480.jpg,EF10KLM,foreign_uk_style
plate_0481.jpg,AB435MN,foreign_eu_generic
plate_0482.jpg,RJ90UE9167,india_hsrp_private
plate_0483.jpg,BR09BX9459,india_old_commercial
plate_0484.jpg,CH81ZT3030,india_hsrp_commercial
plate_0485.jpg,NL36YS7517,india_old_commercial
plate_0486.jpg,DN83ME9950,india_hsrp_commercial
plate_0487.jpg,DN76VV1204,india_old_commercial
plate_0488.jpg,PY60CA5283,india_old_commercial
plate_0489.jpg,CD680MN,foreign_eu_generic
plate_0490.jpg,MP98MZ5870,india_hsrp_private
plate_0491.jpg,TR22VB3839,india_hsrp_commercial
plate_0492.jpg,WB72YW8830,india_old_private
plate_0493.jpg,RJ60RS7068,india_old_private
plate_0494.jpg,AN27KN1166,india_old_ev
plate_0495.jpg,EF79XYZ,foreign_uk_style
plate_0496.jpg,GH843MN,foreign_eu_generic
plate_0497.jpg,TN30KC4901,india_old_private
plate_0498.jpg,CD29XYZ,foreign_uk_style
plate_0499.jpg,DD19SE2765,india_hsrp_private
plate_0500.jpg,DN05JP9193,india_hsrp_private
plate_0501.jpg,WB48BT6874,india_old_commercial
plate_0502.jpg,AS82CP4474,india_hsrp_private
plate_0503.jpg,JH54NX1919,india_hsrp_commercial
plate_0504.jpg,TS26PB8203,india_hsrp_private
plate_0505.jpg,49110,foreign_gulf_style
plate_0506.jpg,DD12AN6341,india_hsrp_commercial
plate_0507.jpg,PB77AG6842,india_old_commercial
plate_0508.jpg,MN76DK3825,india_hsrp_commercial
plate_0509.jpg,LD65DF7941,india_hsrp_ev
plate_0510.jpg,AP70NC8451,india_hsrp_commercial
plate_0511.jpg,MZ66GW1896,india_old_commercial
plate_0512.jpg,JK33ED7721,india_hsrp_private
plate_0513.jpg,HR36BU7493,india_hsrp_private
plate_0514.jpg,HR85RA5347,india_hsrp_commercial
plate_0515.jpg,MZ84HF1091,india_old_private
plate_0516.jpg,DD99DK2804,india_hsrp_private
plate_0517.jpg,RJ10GS7063,india_old_private
plate_0518.jpg,UP01ZA2619,india_hsrp_private
plate_0519.jpg,FL433MNP,foreign_us_generic
plate_0520.jpg,RJ81GE5790,india_old_private
plate_0521.jpg,RJ43UW8901,india_hsrp_private
plate_0522.jpg,LD29HV7768,india_hsrp_private
plate_0523.jpg,AS37DA5632,india_hsrp_commercial
plate_0524.jpg,AN10HF4997,india_old_private
plate_0525.jpg,ML66XB6257,india_hsrp_private
plate_0526.jpg,TS22JU5564,india_hsrp_commercial
plate_0527.jpg,TS49PT1931,india_old_ev
plate_0528.jpg,MP88FV1172,india_hsrp_commercial
plate_0529.jpg,GH954MN,foreign_eu_generic
plate_0530.jpg,KL77FZ1843,india_old_commercial
plate_0531.jpg,ML42UB5119,india_old_commercial
plate_0532.jpg,SK14SS6867,india_hsrp_ev
plate_0533.jpg,LD17RD6785,india_hsrp_private
plate_0534.jpg,PY83HY8813,india_hsrp_commercial
plate_0535.jpg,MP04CH2629,india_hsrp_private
plate_0536.jpg,MN94TJ5739,india_hsrp_ev
plate_0537.jpg,AN68BH1154,india_hsrp_private
plate_0538.jpg,KA87TS5220,india_hsrp_commercial
plate_0539.jpg,DD71UG5779,india_old_commercial
plate_0540.jpg,PY76GR5376,india_hsrp_private
plate_0541.jpg,AP02WF1641,india_hsrp_private
plate_0542.jpg,WB32WE1515,india_hsrp_ev
plate_0543.jpg,AB615MN,foreign_eu_generic
plate_0544.jpg,LD90GN1073,india_old_private
plate_0545.jpg,HP51KY4472,india_hsrp_private
plate_0546.jpg,DD11HH2892,india_old_private
plate_0547.jpg,TS08ND4958,india_hsrp_private
plate_0548.jpg,TR51FU9966,india_hsrp_private
plate_0549.jpg,EF82XYZ,foreign_uk_style
plate_0550.jpg,GJ28RY1228,india_hsrp_private
plate_0551.jpg,JK66LZ3481,india_hsrp_commercial
plate_0552.jpg,TR93LN6396,india_hsrp_private
plate_0553.jpg,TS94FG5358,india_hsrp_private
plate_0554.jpg,WB40KR1786,india_hsrp_private
plate_0555.jpg,DL91PZ7829,india_old_private
plate_0556.jpg,AB46KLM,foreign_uk_style
plate_0557.jpg,RJ93FT4639,india_hsrp_private
plate_0558.jpg,PB72VP9602,india_old_private
plate_0559.jpg,NL28NB9009,india_old_private
plate_0560.jpg,45555,foreign_gulf_style
plate_0561.jpg,MN02VM9128,india_hsrp_commercial
plate_0562.jpg,MN60LK5565,india_hsrp_commercial
plate_0563.jpg,MN03NT2949,india_old_private
plate_0564.jpg,ML04BS1277,india_old_private
plate_0565.jpg,84408,foreign_gulf_style
plate_0566.jpg,OR74EL4675,india_hsrp_private
plate_0567.jpg,AR28AY2809,india_hsrp_private
plate_0568.jpg,AB111KL,foreign_eu_generic
plate_0569.jpg,KA92ZW7447,india_hsrp_private
plate_0570.jpg,CH99AM2004,india_hsrp_private
plate_0571.jpg,TX809MNP,foreign_us_generic
plate_0572.jpg,MN81YB9392,india_hsrp_commercial
plate_0573.jpg,TS13NL8383,india_hsrp_private
plate_0574.jpg,JH51JJ1573,india_hsrp_private
plate_0575.jpg,AR97YR7528,india_hsrp_commercial
plate_0576.jpg,UK66ZX5622,india_hsrp_commercial
plate_0577.jpg,12716,foreign_gulf_style
plate_0578.jpg,DN42YH2053,india_hsrp_private
plate_0579.jpg,MZ73NV2779,india_hsrp_commercial
plate_0580.jpg,SK87PP6836,india_hsrp_commercial
plate_0581.jpg,CD70KLM,foreign_uk_style
plate_0582.jpg,NL23MF1932,india_old_private
plate_0583.jpg,ML51UH5296,india_old_private
plate_0584.jpg,PY72WX6228,india_hsrp_private
plate_0585.jpg,DL40RA3206,india_old_private
plate_0586.jpg,DN59YE2240,india_hsrp_private
plate_0587.jpg,OR42JY3239,india_hsrp_commercial
plate_0588.jpg,KL76FD6095,india_hsrp_commercial
plate_0589.jpg,JH78BN1695,india_hsrp_private
plate_0590.jpg,AR56YN6443,india_hsrp_private
plate_0591.jpg,RJ54VH4211,india_hsrp_ev
plate_0592.jpg,29064,foreign_gulf_style
plate_0593.jpg,MZ78RL7407,india_hsrp_private
plate_0594.jpg,DN08WS4400,india_hsrp_commercial
plate_0595.jpg,JK89WA8432,india_hsrp_commercial
plate_0596.jpg,OR49RW4567,india_old_commercial
plate_0597.jpg,SK10UX8638,india_old_commercial
plate_0598.jpg,SK93VY1391,india_hsrp_private
plate_0599.jpg,DL70CM7216,india_hsrp_private
plate_0600.jpg,TR48RK8507,india_old_ev
plate_0601.jpg,HP61WW1702,india_hsrp_commercial
plate_0602.jpg,NL99BL2494,india_hsrp_private
plate_0603.jpg,FL623XYZ,foreign_us_generic
plate_0604.jpg,MH67DU3806,india_old_commercial
plate_0605.jpg,MN33JJ6985,india_old_private
plate_0606.jpg,KA05PH5384,india_old_commercial
plate_0607.jpg,AB20ABC,foreign_uk_style
plate_0608.jpg,TR75YD2678,india_hsrp_commercial
plate_0609.jpg,NY846XYZ,foreign_us_generic
plate_0610.jpg,TN95HM5369,india_hsrp_private
plate_0611.jpg,PY65RP4780,india_hsrp_private
plate_0612.jpg,DL33FJ1759,india_hsrp_private
plate_0613.jpg,TX200ABC,foreign_us_generic
plate_0614.jpg,PY60AF8422,india_old_private
plate_0615.jpg,PB79WE5000,india_hsrp_ev
plate_0616.jpg,HR92ND7415,india_old_commercial
plate_0617.jpg,AR61PK9693,india_hsrp_commercial
plate_0618.jpg,HP44WF2885,india_hsrp_private
plate_0619.jpg,UK96JZ1357,india_hsrp_ev
plate_0620.jpg,PY93KD4500,india_hsrp_commercial
plate_0621.jpg,AR17XT7725,india_hsrp_private
plate_0622.jpg,UP06VD9908,india_old_private
plate_0623.jpg,UK09HM5630,india_hsrp_private
plate_0624.jpg,NY794MNP,foreign_us_generic
plate_0625.jpg,AN38PY2376,india_hsrp_commercial
plate_0626.jpg,UP39YK5999,india_old_private
plate_0627.jpg,GJ02PA3632,india_hsrp_private
plate_0628.jpg,PB31UR6026,india_old_private
plate_0629.jpg,MH06FL4181,india_hsrp_private
plate_0630.jpg,TS55CF9263,india_hsrp_commercial
plate_0631.jpg,PB94CP6237,india_hsrp_private
plate_0632.jpg,MP37BY6756,india_hsrp_private
plate_0633.jpg,RJ81MK2728,india_hsrp_commercial
plate_0634.jpg,LD36ZU4011,india_hsrp_commercial
plate_0635.jpg,BR25ED5571,india_hsrp_private
plate_0636.jpg,JH51TP6177,india_old_commercial
plate_0637.jpg,EF395MN,foreign_eu_generic
plate_0638.jpg,RJ31PN4493,india_hsrp_commercial
plate_0639.jpg,GJ62TN3520,india_hsrp_ev
plate_0640.jpg,GH502KL,foreign_eu_generic
plate_0641.jpg,HR17JS7339,india_hsrp_ev
plate_0642.jpg,MP21BL5043,india_hsrp_commercial
plate_0643.jpg,ML66FX8438,india_hsrp_ev
plate_0644.jpg,AR10PC6095,india_old_commercial
plate_0645.jpg,UK45FY9310,india_hsrp_commercial
plate_0646.jpg,OR69YR5980,india_hsrp_commercial
plate_0647.jpg,CD21KLM,foreign_uk_style
plate_0648.jpg,JH25EB4936,india_old_commercial
plate_0649.jpg,RJ38ZR8921,india_old_commercial
plate_0650.jpg,DL17TE7787,india_old_commercial
plate_0651.jpg,PB84ZP7980,india_hsrp_commercial
plate_0652.jpg,GA73NJ4452,india_hsrp_ev
plate_0653.jpg,PB35ZB5782,india_old_ev
plate_0654.jpg,PY78VW7792,india_hsrp_private
plate_0655.jpg,KL77WS8227,india_old_private
plate_0656.jpg,MH04HU7198,india_hsrp_private
plate_0657.jpg,MZ58HN3610,india_hsrp_private
plate_0658.jpg,BR14RK6698,india_hsrp_commercial
plate_0659.jpg,GJ15UL6723,india_old_commercial
plate_0660.jpg,HP88HA7220,india_hsrp_private
plate_0661.jpg,DN46YC3367,india_hsrp_private
plate_0662.jpg,MN37MW4040,india_hsrp_private
plate_0663.jpg,CH66UC3079,india_hsrp_commercial
plate_0664.jpg,BR25LD9736,india_hsrp_private
plate_0665.jpg,CD99XYZ,foreign_uk_style
plate_0666.jpg,BR88WX1250,india_hsrp_commercial
plate_0667.jpg,WB58LD5506,india_hsrp_private
plate_0668.jpg,KA13TM3570,india_hsrp_commercial
plate_0669.jpg,PY90YM3095,india_hsrp_ev
plate_0670.jpg,LD84BP9026,india_hsrp_private
plate_0671.jpg,LD89CT5371,india_hsrp_private
plate_0672.jpg,AB777KL,foreign_eu_generic
plate_0673.jpg,GA34VX7447,india_old_commercial
plate_0674.jpg,UK41RD8542,india_old_ev
plate_0675.jpg,KL05BH7976,india_hsrp_private
plate_0676.jpg,CH45XN2821,india_hsrp_private
plate_0677.jpg,WB13MP6615,india_old_private
plate_0678.jpg,DD03ER4988,india_hsrp_private
plate_0679.jpg,PY61UW9260,india_hsrp_private
plate_0680.jpg,JK32RB8742,india_old_commercial
plate_0681.jpg,CD482XY,foreign_eu_generic
plate_0682.jpg,ML18XE6202,india_hsrp_private
plate_0683.jpg,MH42ED2838,india_hsrp_private
plate_0684.jpg,AR40TJ3393,india_hsrp_private
plate_0685.jpg,JH77SU3368,india_hsrp_private
plate_0686.jpg,DL10UB3663,india_hsrp_private
plate_0687.jpg,82224,foreign_gulf_style
plate_0688.jpg,TS04AD5428,india_hsrp_private
plate_0689.jpg,AN05FM3028,india_hsrp_private
plate_0690.jpg,26524,foreign_gulf_style
plate_0691.jpg,GA87NH1309,india_hsrp_commercial
plate_0692.jpg,KL87RH9392,india_hsrp_private
plate_0693.jpg,23680,foreign_gulf_style
plate_0694.jpg,ML31UP6009,india_old_private
plate_0695.jpg,EF88KLM,foreign_uk_style
plate_0696.jpg,GJ72RN7629,india_hsrp_private
plate_0697.jpg,MN49WM5700,india_hsrp_commercial
plate_0698.jpg,OR22FB8253,india_hsrp_private
plate_0699.jpg,DL53LL1562,india_hsrp_private
plate_0700.jpg,86160,foreign_gulf_style
plate_0701.jpg,DD85AA3955,india_hsrp_commercial
plate_0702.jpg,DN87YK7450,india_hsrp_commercial
plate_0703.jpg,TS55KK6696,india_old_private
plate_0704.jpg,PB81JN3524,india_hsrp_commercial
plate_0705.jpg,AS13CB4446,india_hsrp_private
plate_0706.jpg,TS44FT6195,india_old_private
plate_0707.jpg,TS03BY2806,india_old_private
plate_0708.jpg,MP34HG6228,india_hsrp_commercial
plate_0709.jpg,DL67BJ5997,india_hsrp_private
plate_0710.jpg,DN32AE2564,india_old_private
plate_0711.jpg,TS55ZE5012,india_old_commercial
plate_0712.jpg,OR99MR6400,india_old_private
plate_0713.jpg,DL96HG3084,india_hsrp_private
plate_0714.jpg,MP60WN7226,india_old_private
plate_0715.jpg,CH02LH3864,india_hsrp_commercial
plate_0716.jpg,CD857KL,foreign_eu_generic
plate_0717.jpg,31868,foreign_gulf_style
plate_0718.jpg,TR46ZC9903,india_hsrp_private
plate_0719.jpg,38466,foreign_gulf_style
plate_0720.jpg,WB23MF8198,india_hsrp_private
plate_0721.jpg,HR42UD6742,india_old_private
plate_0722.jpg,WB90XR7392,india_hsrp_ev
plate_0723.jpg,JK85WK4171,india_hsrp_private
plate_0724.jpg,CD201KL,foreign_eu_generic
plate_0725.jpg,LD38WK2186,india_old_commercial
plate_0726.jpg,UP55YK8520,india_old_private
plate_0727.jpg,TR96EU8630,india_hsrp_private
plate_0728.jpg,HP44JX2944,india_hsrp_private
plate_0729.jpg,TS55RK6012,india_hsrp_ev
plate_0730.jpg,CH94WZ1793,india_hsrp_commercial
plate_0731.jpg,BR69UV4013,india_hsrp_private
plate_0732.jpg,DN16JT9424,india_old_ev
plate_0733.jpg,MH92KE4146,india_hsrp_commercial
plate_0734.jpg,GJ87JP8523,india_hsrp_ev
plate_0735.jpg,CD57ABC,foreign_uk_style
plate_0736.jpg,MZ61CA7659,india_old_ev
plate_0737.jpg,TS55KN3470,india_hsrp_commercial
plate_0738.jpg,SK05XM4697,india_old_ev
plate_0739.jpg,JH88XP7242,india_hsrp_private
plate_0740.jpg,MH59UH3775,india_hsrp_commercial
plate_0741.jpg,MH46LB1199,india_hsrp_private
plate_0742.jpg,JH46ZY9000,india_hsrp_private
plate_0743.jpg,AP76CE2285,india_hsrp_private
plate_0744.jpg,AP80PM2232,india_old_commercial
plate_0745.jpg,RJ49HP4093,india_hsrp_commercial
plate_0746.jpg,UK35NV9183,india_hsrp_private
plate_0747.jpg,CH42CU3647,india_hsrp_commercial
plate_0748.jpg,MZ83KR4028,india_old_ev
plate_0749.jpg,DL89GD9443,india_hsrp_private
plate_0750.jpg,DD33LK8414,india_hsrp_private
plate_0751.jpg,HP79AE6169,india_hsrp_private
plate_0752.jpg,SK34TP8574,india_old_private
plate_0753.jpg,HP51XZ7063,india_hsrp_private
plate_0754.jpg,AP38NM8030,india_hsrp_commercial
plate_0755.jpg,AR39UU3717,india_hsrp_commercial
plate_0756.jpg,SK43WG1326,india_old_commercial
plate_0757.jpg,UP55LD9130,india_hsrp_commercial
plate_0758.jpg,KA38SX4678,india_hsrp_private
plate_0759.jpg,MP98FY5874,india_hsrp_private
plate_0760.jpg,KA81WC4609,india_old_ev
plate_0761.jpg,UP40SZ4095,india_old_private
plate_0762.jpg,MN04XW3835,india_hsrp_ev
plate_0763.jpg,MZ74HS2917,india_hsrp_private
plate_0764.jpg,AP31GD9322,india_old_commercial
plate_0765.jpg,ML21LY9178,india_old_commercial
plate_0766.jpg,KA90GB4786,india_old_private
plate_0767.jpg,AR76PV6633,india_hsrp_private
plate_0768.jpg,MZ04JY3515,india_hsrp_ev
plate_0769.jpg,CA207MNP,foreign_us_generic
plate_0770.jpg,50925,foreign_gulf_style
plate_0771.jpg,JH99VX8623,india_hsrp_private
plate_0772.jpg,PY11FJ5149,india_old_commercial
plate_0773.jpg,TS09ZT5448,india_hsrp_private
plate_0774.jpg,CD633MN,foreign_eu_generic
plate_0775.jpg,NL11ZD1609,india_old_private
plate_0776.jpg,JH32LK1600,india_hsrp_private
plate_0777.jpg,GJ31KV5332,india_hsrp_commercial
plate_0778.jpg,TS68UL9804,india_hsrp_commercial
plate_0779.jpg,AP95VS5005,india_hsrp_commercial
plate_0780.jpg,DL49YK9423,india_old_private
plate_0781.jpg,PB76UL6830,india_hsrp_private
plate_0782.jpg,CD133XY,foreign_eu_generic
plate_0783.jpg,EF49XYZ,foreign_uk_style
plate_0784.jpg,57565,foreign_gulf_style
plate_0785.jpg,53098,foreign_gulf_style
plate_0786.jpg,AN34PT2066,india_hsrp_commercial
plate_0787.jpg,AS72US4277,india_hsrp_ev
plate_0788.jpg,PY06ZX2514,india_hsrp_private
plate_0789.jpg,AB45XYZ,foreign_uk_style
plate_0790.jpg,EF12XYZ,foreign_uk_style
plate_0791.jpg,DD14LS9988,india_hsrp_private
plate_0792.jpg,RJ37PS4108,india_hsrp_private
plate_0793.jpg,54845,foreign_gulf_style
plate_0794.jpg,UK92EC6327,india_hsrp_private
plate_0795.jpg,GJ27YE7787,india_hsrp_commercial
plate_0796.jpg,AN51JK8249,india_old_ev
plate_0797.jpg,PB48WD7865,india_hsrp_ev
plate_0798.jpg,JK72HU5911,india_old_private
plate_0799.jpg,DN34VB6598,india_hsrp_private
plate_0800.jpg,UK20BG4373,india_old_private
plate_0801.jpg,TN23DD7128,india_hsrp_commercial
plate_0802.jpg,LD91BA3998,india_hsrp_private
plate_0803.jpg,43807,foreign_gulf_style
plate_0804.jpg,EF934KL,foreign_eu_generic
plate_0805.jpg,GH211KL,foreign_eu_generic
plate_0806.jpg,EF95KLM,foreign_uk_style
plate_0807.jpg,60866,foreign_gulf_style
plate_0808.jpg,MZ22CT1659,india_old_private
plate_0809.jpg,JK51XU2406,india_hsrp_private
plate_0810.jpg,PY79EH2502,india_hsrp_private
plate_0811.jpg,LD22MR3803,india_hsrp_private
plate_0812.jpg,PB66FW8275,india_hsrp_private
plate_0813.jpg,LD94XX9249,india_hsrp_commercial
plate_0814.jpg,EF659KL,foreign_eu_generic
plate_0815.jpg,GA31WG6699,india_hsrp_commercial
plate_0816.jpg,MH38ER4250,india_hsrp_commercial
plate_0817.jpg,DN10NE1659,india_old_private
plate_0818.jpg,AP92SY7308,india_hsrp_private
plate_0819.jpg,42179,foreign_gulf_style
plate_0820.jpg,EF26XYZ,foreign_uk_style
plate_0821.jpg,PY01BY9507,india_hsrp_private
plate_0822.jpg,OR82SD4782,india_hsrp_commercial
plate_0823.jpg,22472,foreign_gulf_style
plate_0824.jpg,SK73PD9423,india_hsrp_commercial
plate_0825.jpg,WB51DM1542,india_hsrp_commercial
plate_0826.jpg,AB49XYZ,foreign_uk_style
plate_0827.jpg,EF50ABC,foreign_uk_style
plate_0828.jpg,AP13FS3350,india_old_private
plate_0829.jpg,CD539KL,foreign_eu_generic
plate_0830.jpg,ML77SE3919,india_hsrp_commercial
plate_0831.jpg,TR70FU6738,india_old_private
plate_0832.jpg,UK26GP6767,india_hsrp_ev
plate_0833.jpg,DD30DG9043,india_old_private
plate_0834.jpg,EF603KL,foreign_eu_generic
plate_0835.jpg,PY71TB2642,india_hsrp_private
plate_0836.jpg,JH53EP4827,india_hsrp_private
plate_0837.jpg,AN55YJ6635,india_hsrp_commercial
plate_0838.jpg,JH92NG1153,india_hsrp_private
plate_0839.jpg,AP38VS7454,india_old_private
plate_0840.jpg,ML36GU5784,india_hsrp_private
plate_0841.jpg,OR65AX7440,india_old_ev
plate_0842.jpg,DD57AX3159,india_hsrp_private
plate_0843.jpg,OR96ZY6849,india_hsrp_private
plate_0844.jpg,KL50TC7937,india_hsrp_private
plate_0845.jpg,BR04BK2749,india_hsrp_private
plate_0846.jpg,BR24KS2097,india_hsrp_commercial
plate_0847.jpg,OR82VJ7123,india_old_private
plate_0848.jpg,EF892MN,foreign_eu_generic
plate_0849.jpg,WB26JG7780,india_old_private
plate_0850.jpg,NY685XYZ,foreign_us_generic
plate_0851.jpg,TN02JE1363,india_hsrp_commercial
plate_0852.jpg,AB91KLM,foreign_uk_style
plate_0853.jpg,OR71DR7745,india_hsrp_private
plate_0854.jpg,KL68YT6741,india_hsrp_ev
plate_0855.jpg,DL34PC7934,india_hsrp_private
plate_0856.jpg,FL570XYZ,foreign_us_generic
plate_0857.jpg,15659,foreign_gulf_style
plate_0858.jpg,HR92TW5406,india_old_private
plate_0859.jpg,PB59FT5227,india_hsrp_commercial
plate_0860.jpg,AP70TA4960,india_old_private
plate_0861.jpg,AR81ES7425,india_hsrp_commercial
plate_0862.jpg,AR27XL9419,india_hsrp_private
plate_0863.jpg,GJ11DJ1864,india_old_commercial
plate_0864.jpg,57888,foreign_gulf_style
plate_0865.jpg,KL37UX1983,india_hsrp_private
plate_0866.jpg,PB95MV6598,india_hsrp_private
plate_0867.jpg,TS46XU6130,india_old_ev
plate_0868.jpg,JK63LR8673,india_hsrp_private
plate_0869.jpg,MP35PW7455,india_hsrp_private
plate_0870.jpg,GA35RJ5243,india_hsrp_private
plate_0871.jpg,MP69LB9501,india_hsrp_private
plate_0872.jpg,UP50VR9619,india_old_private
plate_0873.jpg,KA44HM5254,india_hsrp_private
plate_0874.jpg,DN70BF1562,india_hsrp_private
plate_0875.jpg,TR41GS1891,india_hsrp_commercial
plate_0876.jpg,HP18UZ7708,india_old_private
plate_0877.jpg,WB71MG4325,india_hsrp_private
plate_0878.jpg,TS64LF7404,india_old_commercial
plate_0879.jpg,UK50SR6720,india_old_commercial
plate_0880.jpg,LD52XE8047,india_old_private
plate_0881.jpg,UK88GZ2953,india_hsrp_private
plate_0882.jpg,AR52DV8145,india_old_private
plate_0883.jpg,GA58WR6484,india_hsrp_private
plate_0884.jpg,45368,foreign_gulf_style
plate_0885.jpg,CH84XD8609,india_old_private
plate_0886.jpg,TN87MP6116,india_old_ev
plate_0887.jpg,SK86HJ5956,india_old_commercial
plate_0888.jpg,37199,foreign_gulf_style
plate_0889.jpg,KL96EW3589,india_old_private
plate_0890.jpg,TS30YL5357,india_old_private
plate_0891.jpg,KL72RV4655,india_hsrp_private
plate_0892.jpg,KL75MX7706,india_hsrp_private
plate_0893.jpg,DD34YZ7437,india_hsrp_private
plate_0894.jpg,MN82KB6158,india_hsrp_private
plate_0895.jpg,NL34ES9403,india_old_private
plate_0896.jpg,DD80UW7009,india_old_commercial
plate_0897.jpg,AB34XYZ,foreign_uk_style
plate_0898.jpg,MP37ZR9531,india_hsrp_private
plate_0899.jpg,WB22PE5312,india_hsrp_private
plate_0900.jpg,PY08KL3723,india_hsrp_private
plate_0901.jpg,WB95ER8642,india_hsrp_commercial
plate_0902.jpg,MZ47PU6648,india_hsrp_private
plate_0903.jpg,PB07JP6901,india_hsrp_private
plate_0904.jpg,13396,foreign_gulf_style
plate_0905.jpg,88973,foreign_gulf_style
plate_0906.jpg,JK72MW8479,india_hsrp_commercial
plate_0907.jpg,AR97ZU7506,india_hsrp_private
plate_0908.jpg,JH12UY5891,india_hsrp_private
plate_0909.jpg,41860,foreign_gulf_style
plate_0910.jpg,HP62VB1398,india_old_private
plate_0911.jpg,UP62DW9831,india_hsrp_commercial
plate_0912.jpg,ML51VH1243,india_hsrp_commercial
plate_0913.jpg,PY98TF6391,india_hsrp_private
plate_0914.jpg,KA35TR7975,india_hsrp_commercial
plate_0915.jpg,KA55TN8443,india_hsrp_private
plate_0916.jpg,KA93KT3505,india_hsrp_private
plate_0917.jpg,BR52VZ1246,india_hsrp_private
plate_0918.jpg,TN47YY2856,india_hsrp_private
plate_0919.jpg,AR37AJ8208,india_old_private
plate_0920.jpg,KL49YH8827,india_old_private
plate_0921.jpg,MN87VY9683,india_hsrp_commercial
plate_0922.jpg,AB929KL,foreign_eu_generic
plate_0923.jpg,GJ20SV4750,india_old_commercial
plate_0924.jpg,PB11FM1451,india_old_private
plate_0925.jpg,SK62EC7332,india_old_private
plate_0926.jpg,KA88XE6445,india_hsrp_commercial
plate_0927.jpg,CA513ABC,foreign_us_generic
plate_0928.jpg,MZ19LP2495,india_hsrp_private
plate_0929.jpg,RJ63XY2363,india_hsrp_private
plate_0930.jpg,LD12FU4563,india_hsrp_commercial
plate_0931.jpg,MZ73CH5074,india_hsrp_private
plate_0932.jpg,AR72XA5294,india_hsrp_private
plate_0933.jpg,ML59YR2087,india_old_commercial
plate_0934.jpg,ML40MB1609,india_old_ev
plate_0935.jpg,PB67WR5085,india_hsrp_private
plate_0936.jpg,HR83DD9291,india_hsrp_private
plate_0937.jpg,KL35KJ6011,india_hsrp_private
plate_0938.jpg,73383,foreign_gulf_style
plate_0939.jpg,GJ94DY7585,india_old_commercial
plate_0940.jpg,JH29RT7189,india_hsrp_ev
plate_0941.jpg,UK35KW8837,india_hsrp_private
plate_0942.jpg,GJ67GH8853,india_hsrp_private
plate_0943.jpg,KA74LN3863,india_old_private
plate_0944.jpg,NL64WJ9458,india_hsrp_private
plate_0945.jpg,TR03KA9080,india_hsrp_ev
plate_0946.jpg,PB28PN6120,india_hsrp_commercial
plate_0947.jpg,TN17UD7342,india_hsrp_commercial
plate_0948.jpg,TS24XW8962,india_hsrp_private
plate_0949.jpg,BR20UX7059,india_hsrp_commercial
plate_0950.jpg,AN29PN5514,india_hsrp_ev
plate_0951.jpg,FL806MNP,foreign_us_generic
plate_0952.jpg,MH94CH5943,india_hsrp_private
plate_0953.jpg,OR41CA2656,india_hsrp_commercial
plate_0954.jpg,PB24FB2949,india_old_private
plate_0955.jpg,LD58KK1579,india_old_commercial
plate_0956.jpg,TN04WF5854,india_hsrp_private
plate_0957.jpg,AP49AM3858,india_hsrp_private
plate_0958.jpg,MN18BU6813,india_old_private
plate_0959.jpg,MH65LH3907,india_hsrp_private
plate_0960.jpg,CH41RW1696,india_hsrp_commercial
plate_0961.jpg,UP37LZ4278,india_hsrp_private
plate_0962.jpg,MZ66NM1972,india_hsrp_private
plate_0963.jpg,CH44FZ8013,india_hsrp_ev
plate_0964.jpg,SK94CC8125,india_old_private
plate_0965.jpg,JH90ZZ2212,india_hsrp_commercial
plate_0966.jpg,ML50XC7101,india_hsrp_commercial
plate_0967.jpg,GA44PN5338,india_hsrp_private
plate_0968.jpg,DL46DG1594,india_old_private
plate_0969.jpg,KL94XS3370,india_old_private
plate_0970.jpg,TN34JX1886,india_hsrp_commercial
plate_0971.jpg,PY22SN8269,india_hsrp_private
plate_0972.jpg,UK49YR7948,india_old_private
plate_0973.jpg,BR88KV8127,india_hsrp_commercial
plate_0974.jpg,DD47KC1988,india_hsrp_ev
plate_0975.jpg,GA13FE4604,india_hsrp_private
plate_0976.jpg,RJ50UL4149,india_hsrp_private
plate_0977.jpg,JK72AT3514,india_hsrp_private
plate_0978.jpg,60484,foreign_gulf_style
plate_0979.jpg,83872,foreign_gulf_style
plate_0980.jpg,BR73KP9685,india_hsrp_private
plate_0981.jpg,ML70EY8278,india_hsrp_private
plate_0982.jpg,35736,foreign_gulf_style
plate_0983.jpg,58665,foreign_gulf_style
plate_0984.jpg,18020,foreign_gulf_style
plate_0985.jpg,TS65XW5816,india_old_private
plate_0986.jpg,KA41HJ9937,india_hsrp_commercial
plate_0987.jpg,UK65AU8459,india_hsrp_private
plate_0988.jpg,JH94SL5320,india_hsrp_private
plate_0989.jpg,HR24CT8242,india_old_private
plate_0990.jpg,OR46BU1555,india_hsrp_private
plate_0991.jpg,BR34EV3626,india_hsrp_commercial
plate_0992.jpg,DD22YM2917,india_old_commercial
plate_0993.jpg,HR33SJ8630,india_old_private
plate_0994.jpg,CH43JP8303,india_old_private
plate_0995.jpg,BR93LV3321,india_hsrp_ev
plate_0996.jpg,RJ08CZ3656,india_old_private
plate_0997.jpg,DD05TW2464,india_old_private
plate_0998.jpg,TR61JE1247,india_hsrp_private
plate_0999.jpg,AR86RA1240,india_hsrp_private
plate_1000.jpg,UP18XX8339,india_hsrp_private
plate_1001.jpg,UP16ZD2698,india_old_private
plate_1002.jpg,GA74JL1661,india_hsrp_private
plate_1003.jpg,OR07VZ5581,india_hsrp_commercial
plate_1004.jpg,MN64DP1043,india_old_ev
plate_1005.jpg,AP47HK9054,india_hsrp_commercial
plate_1006.jpg,KL74SU3377,india_hsrp_private
plate_1007.jpg,AB26XYZ,foreign_uk_style
plate_1008.jpg,PY29AX6131,india_hsrp_private
plate_1009.jpg,AR41XR8321,india_old_private
plate_1010.jpg,AR08FR3402,india_hsrp_private
plate_1011.jpg,WB49GU2494,india_old_commercial
plate_1012.jpg,AP12BT4875,india_hsrp_commercial
plate_1013.jpg,TS31AR4190,india_hsrp_private
plate_1014.jpg,LD76AD4836,india_hsrp_private
plate_1015.jpg,AR07MZ3505,india_hsrp_private
plate_1016.jpg,DN95UG5450,india_old_private
plate_1017.jpg,HP43GK8174,india_old_private
plate_1018.jpg,MZ58KL2472,india_old_private
plate_1019.jpg,AP85ND6633,india_hsrp_private
plate_1020.jpg,TN67DJ1571,india_hsrp_commercial
plate_1021.jpg,MH76ZR1573,india_hsrp_commercial
plate_1022.jpg,MZ10DK2583,india_hsrp_private
plate_1023.jpg,KL21YL6927,india_hsrp_private
plate_1024.jpg,CD216MN,foreign_eu_generic
plate_1025.jpg,21171,foreign_gulf_style
plate_1026.jpg,DL70HB7215,india_hsrp_private
plate_1027.jpg,CH27PM7768,india_hsrp_private
plate_1028.jpg,55254,foreign_gulf_style
plate_1029.jpg,DN03ZE5252,india_old_private
plate_1030.jpg,BR36RC6732,india_hsrp_ev
plate_1031.jpg,UK72GU7275,india_hsrp_private
plate_1032.jpg,SK23BK8996,india_old_private
plate_1033.jpg,DN53MY1442,india_hsrp_ev
plate_1034.jpg,AP33LZ2094,india_hsrp_private
plate_1035.jpg,HP86HN2579,india_old_private
plate_1036.jpg,JH64CK5396,india_hsrp_private
plate_1037.jpg,48638,foreign_gulf_style
plate_1038.jpg,MP69LG2161,india_hsrp_commercial
plate_1039.jpg,UP97CY2116,india_old_private
plate_1040.jpg,MZ02ZG9789,india_hsrp_ev
plate_1041.jpg,GA47WY9977,india_old_commercial
plate_1042.jpg,MZ07JL1703,india_hsrp_ev
plate_1043.jpg,GJ27DS9006,india_old_private
plate_1044.jpg,AN17JH5532,india_hsrp_private
plate_1045.jpg,NL48RX7375,india_hsrp_private
plate_1046.jpg,MH55NG7000,india_hsrp_commercial
plate_1047.jpg,UK45HW4997,india_old_private
plate_1048.jpg,KA77FS2576,india_old_private
plate_1049.jpg,TS34GP6507,india_hsrp_private
plate_1050.jpg,AS03YU6168,india_old_commercial
plate_1051.jpg,CA243ABC,foreign_us_generic
plate_1052.jpg,SK85TY2413,india_hsrp_private
plate_1053.jpg,ML29CU6529,india_old_private
plate_1054.jpg,DL17VH8378,india_old_commercial
plate_1055.jpg,BR53HL8409,india_hsrp_private
plate_1056.jpg,JH84NR1858,india_hsrp_private
plate_1057.jpg,OR10AF4706,india_hsrp_ev
plate_1058.jpg,DD73KK9208,india_old_ev
plate_1059.jpg,MN18JW1853,india_hsrp_private
plate_1060.jpg,AN50LJ9763,india_hsrp_private
plate_1061.jpg,NY525XYZ,foreign_us_generic
plate_1062.jpg,LD44CW9097,india_hsrp_private
plate_1063.jpg,TR56HH6005,india_hsrp_private
plate_1064.jpg,TR02FE5157,india_hsrp_private
plate_1065.jpg,DN55FP9482,india_hsrp_commercial
plate_1066.jpg,JH92SJ1394,india_old_private
plate_1067.jpg,TN15AE3011,india_hsrp_private
plate_1068.jpg,GA17DT8736,india_hsrp_private
plate_1069.jpg,WB23HD7351,india_hsrp_private
plate_1070.jpg,JH12JF1205,india_old_private
plate_1071.jpg,OR22YA6866,india_old_ev
plate_1072.jpg,LD60FW3643,india_old_private
plate_1073.jpg,HP40KV8843,india_hsrp_private
plate_1074.jpg,TS29BN9656,india_hsrp_private
plate_1075.jpg,DL15MS4696,india_hsrp_commercial
plate_1076.jpg,HP77ZJ3960,india_hsrp_commercial
plate_1077.jpg,TR84CB9420,india_hsrp_private
plate_1078.jpg,GA14MH1659,india_hsrp_private
plate_1079.jpg,PB38YE2680,india_hsrp_private
plate_1080.jpg,AN57NF8519,india_hsrp_ev
plate_1081.jpg,DN07FM8703,india_hsrp_private
plate_1082.jpg,LD45BC5501,india_old_commercial
plate_1083.jpg,GH712XY,foreign_eu_generic
plate_1084.jpg,KA02PP8114,india_hsrp_private
plate_1085.jpg,DD90YD5158,india_hsrp_private
plate_1086.jpg,KA88VT2226,india_old_commercial
plate_1087.jpg,ML73SC1645,india_old_private
plate_1088.jpg,JK47UT7647,india_hsrp_commercial
plate_1089.jpg,HR55RF4033,india_old_ev
plate_1090.jpg,ML21WC1719,india_hsrp_private
plate_1091.jpg,UK16WW8878,india_hsrp_commercial
plate_1092.jpg,PY92YS6646,india_hsrp_private
plate_1093.jpg,AN81MM7235,india_hsrp_private
plate_1094.jpg,ML57KJ3585,india_hsrp_private
plate_1095.jpg,DN89NM8993,india_old_commercial
plate_1096.jpg,HP49NZ6180,india_hsrp_commercial
plate_1097.jpg,MH82TL5425,india_old_private
plate_1098.jpg,DN60CB6097,india_old_private
plate_1099.jpg,EF93XYZ,foreign_uk_style
plate_1100.jpg,AN50NV1757,india_hsrp_ev
plate_1101.jpg,DL59MK9543,india_hsrp_private
plate_1102.jpg,OR21RH4223,india_hsrp_private
plate_1103.jpg,RJ04GX4463,india_hsrp_private
plate_1104.jpg,MH99EG8011,india_hsrp_private
plate_1105.jpg,MP45BV9995,india_hsrp_private
plate_1106.jpg,DD03ND2424,india_old_private
plate_1107.jpg,RJ97KC5554,india_hsrp_private
plate_1108.jpg,CA456ABC,foreign_us_generic
plate_1109.jpg,CA843XYZ,foreign_us_generic
plate_1110.jpg,OR50WX1492,india_hsrp_ev
plate_1111.jpg,HP28RY7914,india_hsrp_private
plate_1112.jpg,BR57AE8534,india_hsrp_private
plate_1113.jpg,DD18XL7809,india_hsrp_commercial
plate_1114.jpg,PY96VP8974,india_hsrp_private
plate_1115.jpg,SK22ZP1868,india_old_commercial
plate_1116.jpg,WB89RE3705,india_hsrp_commercial
plate_1117.jpg,MZ76AS9405,india_hsrp_private
plate_1118.jpg,RJ59DA5027,india_hsrp_commercial
plate_1119.jpg,KA93RR3236,india_hsrp_ev
plate_1120.jpg,RJ86UW7321,india_hsrp_private
plate_1121.jpg,MP58LM8846,india_hsrp_ev
plate_1122.jpg,67604,foreign_gulf_style
plate_1123.jpg,TN61YW2494,india_hsrp_private
plate_1124.jpg,MZ01CM5563,india_hsrp_private
plate_1125.jpg,RJ49DG6127,india_hsrp_private
plate_1126.jpg,DN38TS3903,india_hsrp_private
plate_1127.jpg,KA36DT2220,india_old_private
plate_1128.jpg,MP93JR9363,india_hsrp_private
plate_1129.jpg,MP49PM4387,india_old_private
plate_1130.jpg,TN42WS2356,india_old_ev
plate_1131.jpg,CA495ABC,foreign_us_generic
plate_1132.jpg,JK73FK5594,india_hsrp_private
plate_1133.jpg,SK96TP8281,india_hsrp_private
plate_1134.jpg,DN85LF1914,india_hsrp_commercial
plate_1135.jpg,MZ08FD3621,india_hsrp_private
plate_1136.jpg,GH667XY,foreign_eu_generic
plate_1137.jpg,GA12UZ7661,india_old_ev
plate_1138.jpg,TS32MM8716,india_hsrp_commercial
plate_1139.jpg,AP33DE4006,india_hsrp_private
plate_1140.jpg,JK66XF9265,india_hsrp_commercial
plate_1141.jpg,MP01CT5066,india_hsrp_private
plate_1142.jpg,CH98DG4085,india_hsrp_private
plate_1143.jpg,DD45LV2612,india_hsrp_commercial
plate_1144.jpg,TS27YP7388,india_old_private
plate_1145.jpg,WB07KZ8116,india_hsrp_private
plate_1146.jpg,32104,foreign_gulf_style
plate_1147.jpg,UK70CF9745,india_old_private
plate_1148.jpg,BR71PY5920,india_hsrp_private
plate_1149.jpg,CD29KLM,foreign_uk_style
plate_1150.jpg,PY18VN5322,india_old_private
plate_1151.jpg,BR88JS7737,india_hsrp_private
plate_1152.jpg,EF787MN,foreign_eu_generic
plate_1153.jpg,AN07TR2098,india_hsrp_private
plate_1154.jpg,KA44CN6646,india_hsrp_private
plate_1155.jpg,AR71GD1592,india_hsrp_private
plate_1156.jpg,GJ79CY3409,india_old_private
plate_1157.jpg,WB82AA4162,india_hsrp_commercial
plate_1158.jpg,AR11PN1891,india_hsrp_private
plate_1159.jpg,MZ73JA4259,india_hsrp_private
plate_1160.jpg,AB12KLM,foreign_uk_style
plate_1161.jpg,KL52RX5660,india_old_ev
plate_1162.jpg,JK88TY7619,india_old_commercial
plate_1163.jpg,HP85DS8322,india_hsrp_commercial
plate_1164.jpg,UP42ZM5194,india_old_commercial
plate_1165.jpg,BR40ZX8678,india_old_commercial
plate_1166.jpg,UK23YA6971,india_hsrp_private
plate_1167.jpg,DL59XT7520,india_hsrp_commercial
plate_1168.jpg,GJ69JC8614,india_hsrp_commercial
plate_1169.jpg,TX457XYZ,foreign_us_generic
plate_1170.jpg,NL30DG6839,india_hsrp_private
plate_1171.jpg,TS84WU3710,india_hsrp_private
plate_1172.jpg,MZ10NK7938,india_hsrp_private
plate_1173.jpg,ML75XG7039,india_hsrp_private
plate_1174.jpg,MP45JJ5555,india_hsrp_private
plate_1175.jpg,DN17GG9637,india_hsrp_commercial
plate_1176.jpg,GA46WJ2733,india_hsrp_ev
plate_1177.jpg,DN16LY1752,india_hsrp_private
plate_1178.jpg,KL36AS9837,india_hsrp_private
plate_1179.jpg,AP36CB6983,india_old_private
plate_1180.jpg,OR29DY7482,india_hsrp_commercial
plate_1181.jpg,UP11GE2499,india_hsrp_private
plate_1182.jpg,DL44YM1325,india_hsrp_private
plate_1183.jpg,DD69LB3677,india_hsrp_commercial
plate_1184.jpg,WB13GS4228,india_hsrp_private
plate_1185.jpg,AP65MB1961,india_old_private
plate_1186.jpg,MN27BM9241,india_hsrp_private
plate_1187.jpg,MZ61FR7452,india_hsrp_commercial
plate_1188.jpg,CD899KL,foreign_eu_generic
plate_1189.jpg,GA62RM7213,india_hsrp_private
plate_1190.jpg,JH88YV4429,india_hsrp_ev
plate_1191.jpg,AS31PD4514,india_hsrp_private
plate_1192.jpg,PB77WW3539,india_old_private
plate_1193.jpg,GJ77ZV6981,india_old_private
plate_1194.jpg,DN11JG5059,india_old_private
plate_1195.jpg,EF406KL,foreign_eu_generic
plate_1196.jpg,40866,foreign_gulf_style
plate_1197.jpg,SK44JB4025,india_hsrp_private
plate_1198.jpg,JK53RR1935,india_hsrp_private
plate_1199.jpg,CD827XY,foreign_eu_generic
plate_1200.jpg,UK73WJ5391,india_hsrp_private
plate_1201.jpg,GH889MN,foreign_eu_generic
plate_1202.jpg,ML40WY4831,india_hsrp_private
plate_1203.jpg,GH696KL,foreign_eu_generic
plate_1204.jpg,EF80ABC,foreign_uk_style
plate_1205.jpg,CH87MF6718,india_hsrp_commercial
plate_1206.jpg,JH07TT3549,india_hsrp_private
plate_1207.jpg,RJ64MT7990,india_old_private
plate_1208.jpg,31250,foreign_gulf_style
plate_1209.jpg,TX181ABC,foreign_us_generic
plate_1210.jpg,WB44SX8901,india_hsrp_commercial
plate_1211.jpg,CD560MN,foreign_eu_generic
plate_1212.jpg,HP07FX4729,india_hsrp_private
plate_1213.jpg,MP03ZX9953,india_hsrp_private
plate_1214.jpg,SK99DA2316,india_old_private
plate_1215.jpg,WB18SP4953,india_hsrp_commercial
plate_1216.jpg,AR72YA5831,india_old_commercial
plate_1217.jpg,TN43ZX9862,india_old_commercial
plate_1218.jpg,AS58XK2930,india_hsrp_private
plate_1219.jpg,PY13BZ9173,india_hsrp_commercial
plate_1220.jpg,MZ23TC8532,india_hsrp_ev
plate_1221.jpg,TR33VX5295,india_hsrp_private
plate_1222.jpg,AP62YZ8706,india_hsrp_private
plate_1223.jpg,BR87MA9230,india_hsrp_private
plate_1224.jpg,EF546KL,foreign_eu_generic
plate_1225.jpg,GH941KL,foreign_eu_generic
plate_1226.jpg,PB58HR1895,india_hsrp_commercial
plate_1227.jpg,AP66NB5419,india_hsrp_commercial
plate_1228.jpg,62995,foreign_gulf_style
plate_1229.jpg,CA529XYZ,foreign_us_generic
plate_1230.jpg,DD21CY2601,india_hsrp_commercial
plate_1231.jpg,HP59WA6762,india_hsrp_ev
plate_1232.jpg,AB70XYZ,foreign_uk_style
plate_1233.jpg,AP07YC8694,india_hsrp_commercial
plate_1234.jpg,26726,foreign_gulf_style
plate_1235.jpg,TS79CK1975,india_old_ev
plate_1236.jpg,CH39YX6426,india_old_private
plate_1237.jpg,TR18NC2435,india_hsrp_commercial
plate_1238.jpg,GJ88WD6640,india_old_commercial
plate_1239.jpg,RJ49LV8827,india_old_commercial
plate_1240.jpg,ML71GN9305,india_hsrp_private
plate_1241.jpg,TS19TK9663,india_hsrp_private
plate_1242.jpg,DL90BU2988,india_old_ev
plate_1243.jpg,AR17TV6874,india_hsrp_private
plate_1244.jpg,PB68PX3516,india_old_commercial
plate_1245.jpg,KA93KC6054,india_hsrp_private
plate_1246.jpg,UK42JX1924,india_hsrp_private
plate_1247.jpg,CH53PG3083,india_old_private
plate_1248.jpg,MN10LH5501,india_old_private
plate_1249.jpg,MN75JA3959,india_old_private
plate_1250.jpg,PB43ZP4842,india_hsrp_private
plate_1251.jpg,MH34YW6938,india_hsrp_commercial
plate_1252.jpg,JK34HB8843,india_old_private
plate_1253.jpg,OR68LB8774,india_hsrp_commercial
plate_1254.jpg,EF55ABC,foreign_uk_style
plate_1255.jpg,AR98NM8431,india_hsrp_private
plate_1256.jpg,AS24CU2489,india_hsrp_private
plate_1257.jpg,GA55KT7181,india_hsrp_private
plate_1258.jpg,DL75TJ6743,india_hsrp_private
plate_1259.jpg,CD35ABC,foreign_uk_style
plate_1260.jpg,TR48KJ6182,india_hsrp_private
plate_1261.jpg,86070,foreign_gulf_style
plate_1262.jpg,UK90WE3669,india_hsrp_ev
plate_1263.jpg,UP64YM1558,india_hsrp_private
plate_1264.jpg,MZ47EX6532,india_hsrp_private
plate_1265.jpg,MH45AJ7977,india_hsrp_private
plate_1266.jpg,TX903ABC,foreign_us_generic
plate_1267.jpg,UK29KZ4312,india_old_commercial
plate_1268.jpg,MH58LN3698,india_hsrp_private
plate_1269.jpg,DN47TK8966,india_hsrp_commercial
plate_1270.jpg,ML77CB2411,india_old_commercial
plate_1271.jpg,DL81BP2792,india_old_commercial
plate_1272.jpg,AB993XY,foreign_eu_generic
plate_1273.jpg,GJ60FP1860,india_old_private
plate_1274.jpg,TS91ZZ2601,india_hsrp_private
plate_1275.jpg,MH13BU6662,india_hsrp_private
plate_1276.jpg,TN79GJ7725,india_hsrp_commercial
plate_1277.jpg,LD63NR2185,india_hsrp_private
plate_1278.jpg,TR19PC9337,india_old_private
plate_1279.jpg,DD17UE8107,india_hsrp_private
plate_1280.jpg,SK79AM1129,india_old_private
plate_1281.jpg,JK96SG2123,india_old_ev
plate_1282.jpg,LD57YU1633,india_hsrp_commercial
plate_1283.jpg,MN67EC8802,india_hsrp_commercial
plate_1284.jpg,NY651ABC,foreign_us_generic
plate_1285.jpg,AN98HX2466,india_hsrp_commercial
plate_1286.jpg,JH35KZ3466,india_hsrp_private
plate_1287.jpg,MN31WM4000,india_hsrp_private
plate_1288.jpg,DL61AL9812,india_hsrp_private
plate_1289.jpg,OR72LN6061,india_hsrp_ev
plate_1290.jpg,DL52DW7849,india_old_commercial
plate_1291.jpg,TX627MNP,foreign_us_generic
plate_1292.jpg,ML45SY9598,india_hsrp_commercial
plate_1293.jpg,PB14FV7037,india_hsrp_private
plate_1294.jpg,MN74FJ3266,india_hsrp_private
plate_1295.jpg,NY621ABC,foreign_us_generic
plate_1296.jpg,DD65RR5536,india_hsrp_private
plate_1297.jpg,HR02AG8052,india_hsrp_private
plate_1298.jpg,UP55CN4568,india_hsrp_private
plate_1299.jpg,DD55JV3607,india_hsrp_private
plate_1300.jpg,EF454MN,foreign_eu_generic
plate_1301.jpg,MP41LR9354,india_hsrp_commercial
plate_1302.jpg,CD36ABC,foreign_uk_style
plate_1303.jpg,WB36HW8087,india_hsrp_private
plate_1304.jpg,AN19WE9925,india_hsrp_ev
plate_1305.jpg,AB75XYZ,foreign_uk_style
plate_1306.jpg,DN63FB8115,india_hsrp_commercial
plate_1307.jpg,HP34HE9417,india_hsrp_private
plate_1308.jpg,GJ93CT8289,india_hsrp_commercial
plate_1309.jpg,DL28DA9808,india_hsrp_private
plate_1310.jpg,MH94AB9966,india_hsrp_commercial
plate_1311.jpg,UP59MV2589,india_hsrp_private
plate_1312.jpg,CA523XYZ,foreign_us_generic
plate_1313.jpg,AP84DM7719,india_old_commercial
plate_1314.jpg,UP83BW3913,india_hsrp_commercial
plate_1315.jpg,KA78PP5226,india_hsrp_ev
plate_1316.jpg,72110,foreign_gulf_style
plate_1317.jpg,PY44AW4921,india_old_private
plate_1318.jpg,UK66YN3855,india_hsrp_private
plate_1319.jpg,CH88TS5656,india_hsrp_private
plate_1320.jpg,TN15TL4919,india_old_private
plate_1321.jpg,DL75GS6889,india_hsrp_private
plate_1322.jpg,KL32JV5187,india_hsrp_ev
plate_1323.jpg,MZ74RB1438,india_old_commercial
plate_1324.jpg,GH575MN,foreign_eu_generic
plate_1325.jpg,KL40TG8470,india_hsrp_commercial
plate_1326.jpg,AR91NK4988,india_hsrp_ev
plate_1327.jpg,TR85JK7603,india_hsrp_private
plate_1328.jpg,AS86LL9892,india_hsrp_private
plate_1329.jpg,LD67AA6684,india_hsrp_private
plate_1330.jpg,KA18AV1175,india_hsrp_ev
plate_1331.jpg,HP68FZ4032,india_old_private
plate_1332.jpg,TR01VT8206,india_hsrp_private
plate_1333.jpg,UP23XC7225,india_old_private
plate_1334.jpg,GA06LJ2053,india_old_private
plate_1335.jpg,HP58FB1040,india_hsrp_commercial
plate_1336.jpg,GH419MN,foreign_eu_generic
plate_1337.jpg,85343,foreign_gulf_style
plate_1338.jpg,AR71EC2766,india_hsrp_private
plate_1339.jpg,MZ49VV4660,india_hsrp_private
plate_1340.jpg,UP97RP6930,india_hsrp_ev
plate_1341.jpg,PY25WK7467,india_hsrp_ev
plate_1342.jpg,PY38RA4552,india_old_private
plate_1343.jpg,NL10GN1087,india_old_commercial
plate_1344.jpg,HR48UH6395,india_hsrp_commercial
plate_1345.jpg,PY71AC5072,india_hsrp_private
plate_1346.jpg,KL40DH9841,india_hsrp_ev
plate_1347.jpg,JK87WZ1961,india_hsrp_commercial
plate_1348.jpg,TR59PB5996,india_hsrp_private
plate_1349.jpg,LD67LW3948,india_old_ev
plate_1350.jpg,HR99KR4641,india_hsrp_private
plate_1351.jpg,12334,foreign_gulf_style
plate_1352.jpg,KA02UL1101,india_old_private
plate_1353.jpg,UK29DU5241,india_old_private
plate_1354.jpg,JK93TR8820,india_hsrp_commercial
plate_1355.jpg,MP62TD2758,india_hsrp_private
plate_1356.jpg,FL221ABC,foreign_us_generic
plate_1357.jpg,MN53NU3495,india_hsrp_commercial
plate_1358.jpg,DN28BC4706,india_hsrp_ev
plate_1359.jpg,ML30SJ5230,india_hsrp_commercial
plate_1360.jpg,AR15DU5430,india_hsrp_commercial
plate_1361.jpg,DN35WL6909,india_hsrp_private
plate_1362.jpg,LD15LK3756,india_hsrp_commercial
plate_1363.jpg,JH08DV7857,india_hsrp_private
plate_1364.jpg,DN68YE3151,india_hsrp_private
plate_1365.jpg,AR79LR7358,india_hsrp_ev
plate_1366.jpg,DD68LM5894,india_hsrp_private
plate_1367.jpg,CD471XY,foreign_eu_generic
plate_1368.jpg,MP95JL8123,india_hsrp_private
plate_1369.jpg,CD41XYZ,foreign_uk_style
plate_1370.jpg,JK81BL3787,india_hsrp_commercial
plate_1371.jpg,MH30KY5598,india_old_ev
plate_1372.jpg,TS87NX3698,india_hsrp_private
plate_1373.jpg,SK06EG9168,india_hsrp_commercial
plate_1374.jpg,22059,foreign_gulf_style
plate_1375.jpg,PY68MH1929,india_hsrp_commercial
plate_1376.jpg,PY06DA7564,india_old_commercial
plate_1377.jpg,KA82SA9883,india_old_commercial
plate_1378.jpg,AS83EF8971,india_hsrp_commercial
plate_1379.jpg,SK05YC5586,india_hsrp_private
plate_1380.jpg,KL55VD5932,india_hsrp_ev
plate_1381.jpg,HP87FD7141,india_hsrp_private
plate_1382.jpg,JH78DZ9444,india_hsrp_commercial
plate_1383.jpg,PB11LA8663,india_hsrp_private
plate_1384.jpg,UK23MW5472,india_hsrp_ev
plate_1385.jpg,OR32TC8174,india_hsrp_commercial
plate_1386.jpg,DD27AX9548,india_hsrp_private
plate_1387.jpg,TN09HY6115,india_old_commercial
plate_1388.jpg,TN39PG9597,india_old_private
plate_1389.jpg,JH14HF8749,india_hsrp_private
plate_1390.jpg,JH72WG1122,india_hsrp_private
plate_1391.jpg,PB20NK4027,india_hsrp_ev
plate_1392.jpg,AR56XX6680,india_old_private
plate_1393.jpg,RJ47YB4330,india_old_private
plate_1394.jpg,KL91YP7757,india_old_ev
plate_1395.jpg,MH09PT1659,india_hsrp_private
plate_1396.jpg,DN83ZX4621,india_hsrp_private
plate_1397.jpg,MH51HK9065,india_hsrp_commercial
plate_1398.jpg,SK39BN1449,india_hsrp_ev
plate_1399.jpg,SK51NC9878,india_old_commercial
plate_1400.jpg,OR89RR5891,india_hsrp_private
plate_1401.jpg,HP33TE9975,india_hsrp_private
plate_1402.jpg,MN56TB1539,india_hsrp_commercial
plate_1403.jpg,AP41ZV4272,india_hsrp_private
plate_1404.jpg,TS67TC2041,india_old_private
plate_1405.jpg,JK50HY2544,india_hsrp_private
plate_1406.jpg,KA74GA4716,india_hsrp_private
plate_1407.jpg,AP78UK5647,india_hsrp_commercial
plate_1408.jpg,MP38MY9386,india_hsrp_private
plate_1409.jpg,AS76VK8740,india_hsrp_private
plate_1410.jpg,HR32JA3822,india_hsrp_private
plate_1411.jpg,GH746XY,foreign_eu_generic
plate_1412.jpg,AN47WY2753,india_hsrp_private
plate_1413.jpg,AP47AM5585,india_hsrp_private
plate_1414.jpg,TS85GB7262,india_hsrp_private
plate_1415.jpg,JK63TD4257,india_hsrp_private
plate_1416.jpg,AB41ABC,foreign_uk_style
plate_1417.jpg,PB23HN6475,india_hsrp_private
plate_1418.jpg,MN45FU8200,india_old_commercial
plate_1419.jpg,AR19MV4127,india_hsrp_private
plate_1420.jpg,AN39XE4171,india_hsrp_private
plate_1421.jpg,WB91YM7784,india_hsrp_private
plate_1422.jpg,UP40MR7438,india_hsrp_private
plate_1423.jpg,PB65CP2706,india_old_private
plate_1424.jpg,CA208XYZ,foreign_us_generic
plate_1425.jpg,TS25GW9592,india_hsrp_commercial
plate_1426.jpg,DL41FH3036,india_old_private
plate_1427.jpg,TN61DJ8987,india_old_private
plate_1428.jpg,PB57VW9102,india_old_private
plate_1429.jpg,BR84SE1340,india_hsrp_private
plate_1430.jpg,AN66AH8102,india_hsrp_private
plate_1431.jpg,TS45BS8248,india_hsrp_private
plate_1432.jpg,CA544XYZ,foreign_us_generic
plate_1433.jpg,DD11BY7924,india_old_private
plate_1434.jpg,OR57MH7928,india_old_private
plate_1435.jpg,FL644XYZ,foreign_us_generic
plate_1436.jpg,JK88CM4969,india_hsrp_private
plate_1437.jpg,MN05SB4716,india_hsrp_commercial
plate_1438.jpg,OR89MX9917,india_hsrp_private
plate_1439.jpg,AN58CJ5786,india_hsrp_private
plate_1440.jpg,WB21ZR4690,india_hsrp_private
plate_1441.jpg,AR64RG2244,india_hsrp_commercial
plate_1442.jpg,MN03VX3218,india_hsrp_private
plate_1443.jpg,PY62EX6658,india_old_commercial
plate_1444.jpg,NY228MNP,foreign_us_generic
plate_1445.jpg,HR26MH7092,india_old_commercial
plate_1446.jpg,AS52CL5419,india_hsrp_commercial
plate_1447.jpg,SK07YK7535,india_hsrp_private
plate_1448.jpg,MH78HY9258,india_hsrp_ev
plate_1449.jpg,MN55MB3069,india_hsrp_commercial
plate_1450.jpg,AS83SJ1972,india_old_private
plate_1451.jpg,RJ39KH8541,india_hsrp_ev
plate_1452.jpg,TS86AX7320,india_old_private
plate_1453.jpg,DL34BR5585,india_hsrp_private
plate_1454.jpg,GA23NA9187,india_hsrp_private
plate_1455.jpg,HR03WF2044,india_hsrp_private
plate_1456.jpg,AP51MK2072,india_old_private
plate_1457.jpg,CH37KL8406,india_old_private
plate_1458.jpg,WB91YN2599,india_hsrp_private
plate_1459.jpg,WB83UF4419,india_hsrp_private
plate_1460.jpg,DD45KV2319,india_hsrp_commercial
plate_1461.jpg,ML34NS9505,india_old_commercial
plate_1462.jpg,77879,foreign_gulf_style
plate_1463.jpg,AP66EZ1293,india_old_commercial
plate_1464.jpg,GA62BM6000,india_hsrp_commercial
plate_1465.jpg,ML44EY2167,india_hsrp_commercial
plate_1466.jpg,HP42AU4441,india_hsrp_private
plate_1467.jpg,DN66UX5484,india_hsrp_private
plate_1468.jpg,SK77BK5282,india_hsrp_private
plate_1469.jpg,BR38CT2683,india_old_private
plate_1470.jpg,AP13TR7814,india_hsrp_commercial
plate_1471.jpg,HR77CK1431,india_hsrp_private
plate_1472.jpg,MH64LW2931,india_hsrp_commercial
plate_1473.jpg,KL57TY7238,india_hsrp_ev
plate_1474.jpg,DL75MJ4893,india_hsrp_private
plate_1475.jpg,EF54KLM,foreign_uk_style
plate_1476.jpg,DD64AF1014,india_old_private
plate_1477.jpg,FL443ABC,foreign_us_generic
plate_1478.jpg,DL52NW1602,india_hsrp_commercial
plate_1479.jpg,MP88MF6595,india_hsrp_private
plate_1480.jpg,SK73GH5520,india_old_private
plate_1481.jpg,AP91FT4693,india_hsrp_commercial
plate_1482.jpg,UP25HW3326,india_hsrp_commercial
plate_1483.jpg,UP45FG5471,india_hsrp_commercial
plate_1484.jpg,AP66KC8117,india_hsrp_ev
plate_1485.jpg,CH80TD1441,india_hsrp_private
plate_1486.jpg,MN86BJ7604,india_old_private
plate_1487.jpg,ML15HC3921,india_hsrp_private
plate_1488.jpg,MH68AN9875,india_old_private
plate_1489.jpg,BR78TH9964,india_hsrp_commercial
plate_1490.jpg,GJ38XR8090,india_hsrp_commercial
plate_1491.jpg,PB66JW9875,india_old_private
plate_1492.jpg,HR19ZF9415,india_hsrp_private
plate_1493.jpg,MH61JT6280,india_hsrp_commercial
plate_1494.jpg,GA12JS8763,india_hsrp_private
plate_1495.jpg,GJ62RJ6409,india_hsrp_private
plate_1496.jpg,KL37EA1608,india_hsrp_private
plate_1497.jpg,BR74SK6281,india_hsrp_private
plate_1498.jpg,MP85PP4104,india_old_ev
plate_1499.jpg,KA49GX7289,india_hsrp_private
plate_1500.jpg,GA08UE1944,india_old_commercial
plate_1501.jpg,KA19UL3467,india_hsrp_private
plate_1502.jpg,MN46JR7457,india_old_commercial
plate_1503.jpg,SK42FE5694,india_hsrp_private
plate_1504.jpg,JK69UF3853,india_hsrp_commercial
plate_1505.jpg,MN48MH4720,india_hsrp_ev
plate_1506.jpg,HP58SS3912,india_hsrp_private
plate_1507.jpg,NL35RT4358,india_hsrp_commercial
plate_1508.jpg,JH54KG3573,india_old_private
plate_1509.jpg,DL45EW3832,india_hsrp_private
plate_1510.jpg,TS66PE3129,india_hsrp_commercial
plate_1511.jpg,HP47PL2053,india_old_commercial
plate_1512.jpg,NL66FE5646,india_hsrp_private
plate_1513.jpg,KA84BA8336,india_hsrp_commercial
plate_1514.jpg,NY933MNP,foreign_us_generic
plate_1515.jpg,KL69ZG3205,india_old_commercial
plate_1516.jpg,TR07SA5327,india_hsrp_private
plate_1517.jpg,BR63DW4265,india_old_commercial
plate_1518.jpg,SK96TJ2628,india_hsrp_private
plate_1519.jpg,SK91XV2485,india_hsrp_commercial
plate_1520.jpg,UP26RL4977,india_hsrp_commercial
plate_1521.jpg,MN82PP4902,india_old_private
plate_1522.jpg,DL36ZY8356,india_old_commercial
plate_1523.jpg,KL07DM4793,india_hsrp_private
plate_1524.jpg,ML62DD7272,india_old_private
plate_1525.jpg,KA84XM8609,india_hsrp_private
plate_1526.jpg,MZ04CZ8709,india_old_private
plate_1527.jpg,DN71FH4227,india_hsrp_private
plate_1528.jpg,AP46RC2002,india_old_private
plate_1529.jpg,JK85FJ2696,india_old_commercial
plate_1530.jpg,CD59KLM,foreign_uk_style
plate_1531.jpg,UP27ZV5340,india_hsrp_commercial
plate_1532.jpg,AS34SR2678,india_hsrp_private
plate_1533.jpg,EF25KLM,foreign_uk_style
plate_1534.jpg,JK58RA6641,india_hsrp_ev
plate_1535.jpg,CD259KL,foreign_eu_generic
plate_1536.jpg,ML31YA2060,india_hsrp_commercial
plate_1537.jpg,DN94GF5359,india_hsrp_commercial
plate_1538.jpg,UP18FD4112,india_hsrp_private
plate_1539.jpg,DN64AM2264,india_old_private
plate_1540.jpg,UK44CJ7980,india_old_private
plate_1541.jpg,59034,foreign_gulf_style
plate_1542.jpg,UP54BP6274,india_hsrp_private
plate_1543.jpg,HP48PK3137,india_hsrp_private
plate_1544.jpg,CH19YK4872,india_hsrp_commercial
plate_1545.jpg,CH45ER9611,india_old_private
plate_1546.jpg,UK33GM5077,india_hsrp_ev
plate_1547.jpg,KL84WC2159,india_old_private
plate_1548.jpg,53362,foreign_gulf_style
plate_1549.jpg,JK30FG2560,india_hsrp_ev
plate_1550.jpg,AP43XF3428,india_hsrp_ev
plate_1551.jpg,CH64BU3068,india_old_commercial
plate_1552.jpg,HR06SP4446,india_hsrp_commercial
plate_1553.jpg,KL46KB9629,india_hsrp_private
plate_1554.jpg,NL36JP1567,india_hsrp_commercial
plate_1555.jpg,AB398XY,foreign_eu_generic
plate_1556.jpg,PY69FC2600,india_hsrp_private
plate_1557.jpg,AN94XR9915,india_hsrp_private
plate_1558.jpg,GA29YU7336,india_hsrp_private
plate_1559.jpg,AS10TK8958,india_old_commercial
plate_1560.jpg,MP22RW5569,india_hsrp_private
plate_1561.jpg,CA716MNP,foreign_us_generic
plate_1562.jpg,CD172KL,foreign_eu_generic
plate_1563.jpg,EF85ABC,foreign_uk_style
plate_1564.jpg,CD88XYZ,foreign_uk_style
plate_1565.jpg,JH14ZM6248,india_hsrp_commercial
plate_1566.jpg,PY41VX6375,india_hsrp_commercial
plate_1567.jpg,RJ08BX8365,india_hsrp_ev
plate_1568.jpg,UK05WV2200,india_hsrp_commercial
plate_1569.jpg,SK88UP9715,india_hsrp_private
plate_1570.jpg,UK78WM2072,india_hsrp_private
plate_1571.jpg,TR82JR4395,india_hsrp_private
plate_1572.jpg,MN94FP8542,india_hsrp_commercial
plate_1573.jpg,GJ93CN3659,india_hsrp_commercial
plate_1574.jpg,OR16FG4382,india_hsrp_private
plate_1575.jpg,MH88LU3342,india_hsrp_private
plate_1576.jpg,NY992MNP,foreign_us_generic
plate_1577.jpg,MZ57GH4152,india_hsrp_private
plate_1578.jpg,GA41CK1399,india_hsrp_commercial
plate_1579.jpg,EF66XYZ,foreign_uk_style
plate_1580.jpg,MN85PJ6472,india_old_ev
plate_1581.jpg,DD46PW3094,india_hsrp_private
plate_1582.jpg,GA21MP2071,india_old_private
plate_1583.jpg,67314,foreign_gulf_style
plate_1584.jpg,DL38EE3591,india_hsrp_commercial
plate_1585.jpg,BR38ZV1075,india_hsrp_private
plate_1586.jpg,HP52EV9331,india_old_private
plate_1587.jpg,HR82KL5232,india_old_private
plate_1588.jpg,KL06WF1964,india_hsrp_private
plate_1589.jpg,ML72BH3055,india_old_private
plate_1590.jpg,RJ35PF5410,india_old_commercial
plate_1591.jpg,RJ89TA5684,india_hsrp_commercial
plate_1592.jpg,SK34ZN1126,india_hsrp_commercial
plate_1593.jpg,GJ51XN8824,india_hsrp_private
plate_1594.jpg,PB41DY4098,india_hsrp_private
plate_1595.jpg,JH11AN6140,india_old_private
plate_1596.jpg,64500,foreign_gulf_style
plate_1597.jpg,PB93GU7585,india_hsrp_private
plate_1598.jpg,UK67JR8446,india_hsrp_private
plate_1599.jpg,TR97PX8053,india_hsrp_private
plate_1600.jpg,HP74DC9308,india_hsrp_private
plate_1601.jpg,RJ83UJ5468,india_old_commercial
plate_1602.jpg,AB460XY,foreign_eu_generic
plate_1603.jpg,DL42LJ5788,india_hsrp_private
plate_1604.jpg,AR37JG9242,india_hsrp_private
plate_1605.jpg,DD19GF7594,india_hsrp_private
plate_1606.jpg,GH252KL,foreign_eu_generic
plate_1607.jpg,UK10LV8687,india_hsrp_private
plate_1608.jpg,PY20TV5558,india_hsrp_commercial
plate_1609.jpg,UP06GD6274,india_hsrp_private
plate_1610.jpg,UP57ME9901,india_hsrp_private
plate_1611.jpg,LD11KY5863,india_hsrp_ev
plate_1612.jpg,PB77LR4940,india_old_commercial
plate_1613.jpg,WB05HH4458,india_hsrp_private
plate_1614.jpg,FL282MNP,foreign_us_generic
plate_1615.jpg,22377,foreign_gulf_style
plate_1616.jpg,AP70SH6375,india_old_private
plate_1617.jpg,PB42HH4139,india_hsrp_commercial
plate_1618.jpg,AR24VH6829,india_old_commercial
plate_1619.jpg,TR77RW4456,india_hsrp_commercial
plate_1620.jpg,DL94SF9228,india_hsrp_ev
plate_1621.jpg,UP79VW3586,india_old_private
plate_1622.jpg,OR38FT8838,india_hsrp_private
plate_1623.jpg,AN40WX2662,india_hsrp_commercial
plate_1624.jpg,GJ70DG3627,india_old_private
plate_1625.jpg,AP76RA3740,india_hsrp_commercial
plate_1626.jpg,GJ35CV6784,india_hsrp_private
plate_1627.jpg,AB527XY,foreign_eu_generic
plate_1628.jpg,CA243XYZ,foreign_us_generic
plate_1629.jpg,11674,foreign_gulf_style
plate_1630.jpg,CH14JV5714,india_hsrp_private
plate_1631.jpg,JH44UK4449,india_hsrp_private
plate_1632.jpg,TS03VF8733,india_hsrp_private
plate_1633.jpg,NL69DZ8226,india_hsrp_private
plate_1634.jpg,JH68TG1807,india_hsrp_commercial
plate_1635.jpg,LD28TY1504,india_hsrp_private
plate_1636.jpg,HP94LM6927,india_hsrp_ev
plate_1637.jpg,TS31TZ5717,india_hsrp_private
plate_1638.jpg,GH883KL,foreign_eu_generic
plate_1639.jpg,CH05FS7735,india_hsrp_commercial
plate_1640.jpg,CD58ABC,foreign_uk_style
plate_1641.jpg,EF198KL,foreign_eu_generic
plate_1642.jpg,AP60CK3810,india_old_private
plate_1643.jpg,UP48AZ3314,india_hsrp_private
plate_1644.jpg,AP98JF3601,india_hsrp_private
plate_1645.jpg,BR15NV1869,india_hsrp_private
plate_1646.jpg,DL27SG1648,india_hsrp_private
plate_1647.jpg,JH87EF3463,india_old_private
plate_1648.jpg,DD43LZ9068,india_hsrp_ev
plate_1649.jpg,DL43MU5516,india_old_private
plate_1650.jpg,RJ06MB3401,india_hsrp_commercial
plate_1651.jpg,AN42CD2619,india_old_commercial
plate_1652.jpg,TS31VU5721,india_hsrp_commercial
plate_1653.jpg,HP17GR4038,india_hsrp_private
plate_1654.jpg,DD57FF6366,india_old_private
plate_1655.jpg,TR76KU5111,india_hsrp_commercial
plate_1656.jpg,UP97EZ9220,india_old_private
plate_1657.jpg,67637,foreign_gulf_style
plate_1658.jpg,FL880XYZ,foreign_us_generic
plate_1659.jpg,KL49WW9188,india_hsrp_private
plate_1660.jpg,NL37ZU7065,india_hsrp_commercial
plate_1661.jpg,TN19TN5658,india_hsrp_private
plate_1662.jpg,DD94PC6866,india_old_commercial
plate_1663.jpg,ML31XS3968,india_hsrp_ev
plate_1664.jpg,EF70KLM,foreign_uk_style
plate_1665.jpg,AB298XY,foreign_eu_generic
plate_1666.jpg,JH60TD9660,india_old_ev
plate_1667.jpg,AS74LL7648,india_hsrp_commercial
plate_1668.jpg,EF76ABC,foreign_uk_style
plate_1669.jpg,CA572XYZ,foreign_us_generic
plate_1670.jpg,AR27HN4564,india_hsrp_commercial
plate_1671.jpg,CH33EE2137,india_hsrp_ev
plate_1672.jpg,BR60EB3416,india_old_private
plate_1673.jpg,DD55JJ7232,india_hsrp_commercial
plate_1674.jpg,BR94TR2747,india_hsrp_private
plate_1675.jpg,SK47PX4000,india_hsrp_commercial
plate_1676.jpg,MH50PV8314,india_hsrp_private
plate_1677.jpg,MN79XC8163,india_hsrp_commercial
plate_1678.jpg,TS12NP3636,india_hsrp_ev
plate_1679.jpg,LD04UC9575,india_hsrp_private
plate_1680.jpg,KA76WD3505,india_hsrp_private
plate_1681.jpg,UK87RG3670,india_hsrp_private
plate_1682.jpg,HP11US4056,india_hsrp_ev
plate_1683.jpg,JH57HR4058,india_hsrp_commercial
plate_1684.jpg,MN14VW4557,india_old_private
plate_1685.jpg,AR82FG2646,india_old_commercial
plate_1686.jpg,DD51GJ4825,india_hsrp_ev
plate_1687.jpg,LD97TM4005,india_hsrp_ev
plate_1688.jpg,UP24WN3372,india_old_commercial
plate_1689.jpg,UK73ML4370,india_hsrp_private
plate_1690.jpg,NL39XP9025,india_hsrp_private
plate_1691.jpg,RJ47ZV7084,india_hsrp_commercial
plate_1692.jpg,SK72JY1716,india_old_commercial
plate_1693.jpg,LD91JV5178,india_hsrp_private
plate_1694.jpg,AN37NS4215,india_hsrp_private
plate_1695.jpg,KA26VF5176,india_hsrp_commercial
plate_1696.jpg,PB18MF3169,india_hsrp_private
plate_1697.jpg,AS95EN1760,india_old_commercial
plate_1698.jpg,EF69KLM,foreign_uk_style
plate_1699.jpg,LD80KU8305,india_hsrp_commercial
plate_1700.jpg,AR43JM6020,india_hsrp_ev
plate_1701.jpg,UP50VR2757,india_hsrp_private
plate_1702.jpg,AP65WX7454,india_old_private
plate_1703.jpg,CA356MNP,foreign_us_generic
plate_1704.jpg,RJ85VD2825,india_hsrp_commercial
plate_1705.jpg,39682,foreign_gulf_style
plate_1706.jpg,MH72WS4015,india_hsrp_private
plate_1707.jpg,UP55XW9869,india_hsrp_private
plate_1708.jpg,TR56NC4518,india_old_commercial
plate_1709.jpg,MN24KS4918,india_old_commercial
plate_1710.jpg,CH62GP6850,india_hsrp_commercial
plate_1711.jpg,UP10MV7268,india_old_ev
plate_1712.jpg,PB70BS5981,india_hsrp_private
plate_1713.jpg,JH18AL7952,india_hsrp_private
plate_1714.jpg,AS75ME4068,india_hsrp_commercial
plate_1715.jpg,RJ43AC9805,india_hsrp_ev
plate_1716.jpg,NL07DY6692,india_hsrp_private
plate_1717.jpg,GA03AZ4753,india_old_commercial
plate_1718.jpg,GA21EN3905,india_hsrp_private
plate_1719.jpg,MP90GS7504,india_hsrp_private
plate_1720.jpg,AP29WR6667,india_hsrp_private
plate_1721.jpg,KA80PR2102,india_hsrp_private
plate_1722.jpg,SK11LC7279,india_hsrp_commercial
plate_1723.jpg,EF24XYZ,foreign_uk_style
plate_1724.jpg,FL425XYZ,foreign_us_generic
plate_1725.jpg,JK24WZ2001,india_hsrp_private
plate_1726.jpg,AR32KK5363,india_old_commercial
plate_1727.jpg,JK30GG3857,india_hsrp_private
plate_1728.jpg,EF931MN,foreign_eu_generic
plate_1729.jpg,CD884KL,foreign_eu_generic
plate_1730.jpg,MN18DM5543,india_hsrp_ev
plate_1731.jpg,RJ31TF8795,india_hsrp_private
plate_1732.jpg,OR74VZ2466,india_old_private
plate_1733.jpg,TR85LR2795,india_hsrp_private
plate_1734.jpg,OR10ZH5768,india_hsrp_private
plate_1735.jpg,RJ18BD4726,india_old_private
plate_1736.jpg,EF915XY,foreign_eu_generic
plate_1737.jpg,KL90KV9503,india_hsrp_commercial
plate_1738.jpg,GH678MN,foreign_eu_generic
plate_1739.jpg,TS29AX4795,india_hsrp_commercial
plate_1740.jpg,TR62DF1889,india_hsrp_private
plate_1741.jpg,TR54XY5815,india_hsrp_private
plate_1742.jpg,GJ71XF5588,india_hsrp_private
plate_1743.jpg,ML37PP7176,india_old_private
plate_1744.jpg,JH15PU4648,india_old_commercial
plate_1745.jpg,EF951MN,foreign_eu_generic
plate_1746.jpg,57754,foreign_gulf_style
plate_1747.jpg,JH06VH2409,india_hsrp_commercial
plate_1748.jpg,EF815XY,foreign_eu_generic
plate_1749.jpg,53483,foreign_gulf_style
plate_1750.jpg,OR15EM7059,india_hsrp_private
plate_1751.jpg,LD97MV5848,india_hsrp_private
plate_1752.jpg,PY72AA4024,india_hsrp_commercial
plate_1753.jpg,RJ63RB9889,india_hsrp_private
plate_1754.jpg,ML20XR6409,india_hsrp_private
plate_1755.jpg,36859,foreign_gulf_style
plate_1756.jpg,MH85EE8093,india_old_commercial
plate_1757.jpg,SK61UL6290,india_hsrp_commercial
plate_1758.jpg,MP77BT5380,india_hsrp_private
plate_1759.jpg,AS08WE1965,india_old_private
plate_1760.jpg,SK17MV1914,india_hsrp_private
plate_1761.jpg,DL84TS9371,india_hsrp_commercial
plate_1762.jpg,CD217XY,foreign_eu_generic
plate_1763.jpg,MZ36HX9193,india_hsrp_private
plate_1764.jpg,CH11RH8629,india_old_private
plate_1765.jpg,98473,foreign_gulf_style
plate_1766.jpg,UP62SS3013,india_hsrp_commercial
plate_1767.jpg,AS61RZ1692,india_old_commercial
plate_1768.jpg,NL18EK3875,india_hsrp_private
plate_1769.jpg,AN60VT8929,india_hsrp_private
plate_1770.jpg,AN19MM2011,india_hsrp_private
plate_1771.jpg,SK64DZ3629,india_hsrp_private
plate_1772.jpg,TR38XB1881,india_hsrp_private
plate_1773.jpg,GA86MF9951,india_old_private
plate_1774.jpg,PY93NP2711,india_hsrp_private
plate_1775.jpg,UP80NS2440,india_hsrp_private
plate_1776.jpg,DD12UK2101,india_hsrp_commercial
plate_1777.jpg,TX412MNP,foreign_us_generic
plate_1778.jpg,EF27ABC,foreign_uk_style
plate_1779.jpg,MH76SU3695,india_hsrp_ev
plate_1780.jpg,TX186XYZ,foreign_us_generic
plate_1781.jpg,GJ41MX3185,india_hsrp_commercial
plate_1782.jpg,HR38SP4060,india_hsrp_private
plate_1783.jpg,EF60ABC,foreign_uk_style
plate_1784.jpg,TX162MNP,foreign_us_generic
plate_1785.jpg,TN35MS2604,india_hsrp_private
plate_1786.jpg,MH76KD9244,india_hsrp_commercial
plate_1787.jpg,KL95MW9841,india_hsrp_private
plate_1788.jpg,JH60UV5023,india_hsrp_private
plate_1789.jpg,TR68UR9872,india_hsrp_commercial
plate_1790.jpg,RJ85TX8990,india_hsrp_private
plate_1791.jpg,AR77ZD7086,india_hsrp_private
plate_1792.jpg,UK03FJ2415,india_old_private
plate_1793.jpg,RJ89NX3803,india_hsrp_private
plate_1794.jpg,KA12BV1819,india_hsrp_commercial
plate_1795.jpg,SK47GY8947,india_old_private
plate_1796.jpg,90726,foreign_gulf_style
plate_1797.jpg,ML28FT9504,india_hsrp_commercial
plate_1798.jpg,LD25CT7736,india_old_private
plate_1799.jpg,HP52WF1002,india_hsrp_commercial
plate_1800.jpg,MH14LL7297,india_old_private
plate_1801.jpg,HP05WC4948,india_hsrp_ev
plate_1802.jpg,HP30YS5896,india_hsrp_commercial
plate_1803.jpg,AR96RN3424,india_hsrp_commercial
plate_1804.jpg,UK81BV7866,india_hsrp_commercial
plate_1805.jpg,TR17JP9280,india_old_private
plate_1806.jpg,MH09KC9944,india_hsrp_ev
plate_1807.jpg,ML75HN1200,india_old_private
plate_1808.jpg,CA637XYZ,foreign_us_generic
plate_1809.jpg,JK75VV5322,india_hsrp_private
plate_1810.jpg,WB84KR2354,india_hsrp_private
plate_1811.jpg,CA372XYZ,foreign_us_generic
plate_1812.jpg,HR14AZ2194,india_hsrp_ev
plate_1813.jpg,PB92LK7926,india_hsrp_private
plate_1814.jpg,UK11ES4978,india_old_commercial
plate_1815.jpg,AB475KL,foreign_eu_generic
plate_1816.jpg,UK53GX9536,india_hsrp_private
plate_1817.jpg,HP13KU8127,india_hsrp_commercial
plate_1818.jpg,AP24TP6914,india_hsrp_private
plate_1819.jpg,CD93XYZ,foreign_uk_style
plate_1820.jpg,NL22MG2552,india_hsrp_private
plate_1821.jpg,PB23VF4202,india_hsrp_private
plate_1822.jpg,EF323KL,foreign_eu_generic
plate_1823.jpg,LD50MK1281,india_old_commercial
plate_1824.jpg,AB458MN,foreign_eu_generic
plate_1825.jpg,CH44KH1855,india_hsrp_commercial
plate_1826.jpg,UK06JE5259,india_hsrp_commercial
plate_1827.jpg,MP37KH4286,india_hsrp_private
plate_1828.jpg,AB53KLM,foreign_uk_style
plate_1829.jpg,OR38GM8372,india_hsrp_private
plate_1830.jpg,NL17CX3082,india_hsrp_private
plate_1831.jpg,BR33LM6827,india_hsrp_commercial
plate_1832.jpg,ML64JK1780,india_hsrp_ev
plate_1833.jpg,AR70MC5716,india_hsrp_private
plate_1834.jpg,TS62WH6555,india_hsrp_private
plate_1835.jpg,EF880KL,foreign_eu_generic
plate_1836.jpg,DN46PC4483,india_hsrp_private
plate_1837.jpg,AN88LG1813,india_old_commercial
plate_1838.jpg,MP92ZK8454,india_old_private
plate_1839.jpg,OR34WJ6133,india_hsrp_private
plate_1840.jpg,ML67HM3261,india_hsrp_private
plate_1841.jpg,MH16YD9934,india_old_ev
plate_1842.jpg,NL42AD6006,india_hsrp_private
plate_1843.jpg,WB33CB2587,india_hsrp_commercial
plate_1844.jpg,TN62LY6791,india_hsrp_commercial
plate_1845.jpg,TS70GV7604,india_hsrp_commercial
plate_1846.jpg,NL46MJ5711,india_old_private
plate_1847.jpg,AN49JL4002,india_hsrp_commercial
plate_1848.jpg,NL50YY2487,india_hsrp_private
plate_1849.jpg,OR76ZJ7709,india_hsrp_private
plate_1850.jpg,OR12SA2073,india_hsrp_private
plate_1851.jpg,WB01FU4435,india_hsrp_private
plate_1852.jpg,LD12HX1253,india_old_private
plate_1853.jpg,ML88YH1822,india_old_commercial
plate_1854.jpg,TR38KG4604,india_hsrp_private
plate_1855.jpg,TN69CL8745,india_hsrp_private
plate_1856.jpg,MN92PS3240,india_hsrp_private
plate_1857.jpg,BR69BK1238,india_hsrp_private
plate_1858.jpg,DD28SJ6738,india_old_ev
plate_1859.jpg,JK78PV1224,india_hsrp_private
plate_1860.jpg,AS61DN9294,india_hsrp_private
plate_1861.jpg,MH93AL8778,india_hsrp_private
plate_1862.jpg,MP81MZ5391,india_hsrp_private
plate_1863.jpg,UK17BH8124,india_hsrp_commercial
plate_1864.jpg,PB16VK2822,india_hsrp_private
plate_1865.jpg,AP67PU9020,india_old_ev
plate_1866.jpg,AB650XY,foreign_eu_generic
plate_1867.jpg,KL87JD2283,india_hsrp_ev
plate_1868.jpg,ML56RC2930,india_hsrp_commercial
plate_1869.jpg,DL02DT4041,india_hsrp_private
plate_1870.jpg,GJ64PE8815,india_hsrp_commercial
plate_1871.jpg,AR04CS7214,india_hsrp_ev
plate_1872.jpg,RJ31HF3244,india_hsrp_private
plate_1873.jpg,MH37TX1270,india_old_commercial
plate_1874.jpg,EF62KLM,foreign_uk_style
plate_1875.jpg,UP44UF4389,india_hsrp_commercial
plate_1876.jpg,CH94GA5593,india_hsrp_commercial
plate_1877.jpg,DN93CX5018,india_hsrp_commercial
plate_1878.jpg,PB87UU9269,india_old_private
plate_1879.jpg,AS54FY7183,india_hsrp_ev
plate_1880.jpg,EF302XY,foreign_eu_generic
plate_1881.jpg,MN63JZ6334,india_hsrp_private
plate_1882.jpg,WB21SN7986,india_old_private
plate_1883.jpg,WB93TF4773,india_old_private
plate_1884.jpg,DD94CN7058,india_hsrp_private
plate_1885.jpg,NL10PR9873,india_hsrp_private
plate_1886.jpg,TS46DL7475,india_hsrp_private
plate_1887.jpg,BR63TP5321,india_hsrp_commercial
plate_1888.jpg,AB169MN,foreign_eu_generic
plate_1889.jpg,BR30JL2018,india_hsrp_commercial
plate_1890.jpg,TS79LM7984,india_hsrp_commercial
plate_1891.jpg,AB66XYZ,foreign_uk_style
plate_1892.jpg,KL03ZW6921,india_old_private
plate_1893.jpg,WB48YT1305,india_old_ev
plate_1894.jpg,DD20FP4725,india_hsrp_commercial
plate_1895.jpg,FL201XYZ,foreign_us_generic
plate_1896.jpg,OR74MV4916,india_hsrp_private
plate_1897.jpg,FL941XYZ,foreign_us_generic
plate_1898.jpg,CH09GG7786,india_hsrp_private
plate_1899.jpg,UK33TT4496,india_hsrp_private
plate_1900.jpg,NL67MZ8638,india_hsrp_private
plate_1901.jpg,AN76MA9258,india_hsrp_private
plate_1902.jpg,GJ66EC8454,india_old_ev
plate_1903.jpg,CA464ABC,foreign_us_generic
plate_1904.jpg,UP23TU7970,india_hsrp_private
plate_1905.jpg,DD31FZ4555,india_hsrp_commercial
plate_1906.jpg,39085,foreign_gulf_style
plate_1907.jpg,AR64HE8954,india_hsrp_ev
plate_1908.jpg,HR27JL9376,india_hsrp_private
plate_1909.jpg,HR81BK3878,india_old_private
plate_1910.jpg,WB32UE5996,india_hsrp_private
plate_1911.jpg,JK59GR4421,india_hsrp_private
plate_1912.jpg,AP56GJ3160,india_hsrp_private
plate_1913.jpg,BR21XP6470,india_hsrp_commercial
plate_1914.jpg,PY62FZ9739,india_hsrp_private
plate_1915.jpg,OR89WB7379,india_hsrp_commercial
plate_1916.jpg,DD22UC5631,india_hsrp_private
plate_1917.jpg,AP04ZK1699,india_old_private
plate_1918.jpg,93002,foreign_gulf_style
plate_1919.jpg,CD842KL,foreign_eu_generic
plate_1920.jpg,UK64EK7613,india_old_commercial
plate_1921.jpg,HP19VB7845,india_hsrp_commercial
plate_1922.jpg,UP47GV6863,india_hsrp_private
plate_1923.jpg,TS23GU9570,india_hsrp_commercial
plate_1924.jpg,TS44YV7499,india_old_commercial
plate_1925.jpg,TS38XD7802,india_old_ev
plate_1926.jpg,DN12KU8072,india_hsrp_private
plate_1927.jpg,CD21XYZ,foreign_uk_style
plate_1928.jpg,EF208XY,foreign_eu_generic
plate_1929.jpg,PY92JA7022,india_hsrp_commercial
plate_1930.jpg,UK82PP1413,india_hsrp_private
plate_1931.jpg,SK03UP9226,india_old_private
plate_1932.jpg,MN81AK5242,india_old_private
plate_1933.jpg,DL10UW5850,india_hsrp_private
plate_1934.jpg,HP37MX8867,india_hsrp_private
plate_1935.jpg,JH98HU4793,india_hsrp_private
plate_1936.jpg,HR18AC8266,india_hsrp_ev
plate_1937.jpg,JH18KX5299,india_old_commercial
plate_1938.jpg,AR48JL8807,india_hsrp_private
plate_1939.jpg,PB02HP5015,india_hsrp_private
plate_1940.jpg,PY21ZE4479,india_hsrp_private
plate_1941.jpg,AS90LP6752,india_old_ev
plate_1942.jpg,NL73WR1704,india_hsrp_private
plate_1943.jpg,PB27TT4370,india_hsrp_commercial
plate_1944.jpg,AS32WE2629,india_hsrp_private
plate_1945.jpg,CH31RU2743,india_hsrp_commercial
plate_1946.jpg,SK41NB4427,india_old_private
plate_1947.jpg,61629,foreign_gulf_style
plate_1948.jpg,MZ59VA8540,india_hsrp_private
plate_1949.jpg,PY68SU6750,india_old_ev
plate_1950.jpg,KL94TT1244,india_old_private
plate_1951.jpg,DL46RJ1268,india_hsrp_private
plate_1952.jpg,KA12EF9800,india_hsrp_private
plate_1953.jpg,SK74MK4670,india_old_commercial
plate_1954.jpg,WB73JU3714,india_old_private
plate_1955.jpg,DL73MV1944,india_old_private
plate_1956.jpg,PY27BU3910,india_old_private
plate_1957.jpg,RJ18VJ7014,india_old_ev
plate_1958.jpg,NL20TJ3999,india_hsrp_private
plate_1959.jpg,ML74UT8785,india_hsrp_private
plate_1960.jpg,CD61XYZ,foreign_uk_style
plate_1961.jpg,MH40TT2711,india_hsrp_private
plate_1962.jpg,MH02BD5096,india_hsrp_commercial
plate_1963.jpg,WB92SH1954,india_old_private
plate_1964.jpg,TX908MNP,foreign_us_generic
plate_1965.jpg,DN98LF5791,india_old_ev
plate_1966.jpg,HR43SX6142,india_hsrp_private
plate_1967.jpg,KA01YA9975,india_hsrp_private
plate_1968.jpg,GA62JD7404,india_old_private
plate_1969.jpg,LD63JW6048,india_hsrp_private
plate_1970.jpg,MH15AA2888,india_hsrp_commercial
plate_1971.jpg,MH66SM4883,india_hsrp_commercial
plate_1972.jpg,KA18HP4997,india_hsrp_private
plate_1973.jpg,OR72WB2495,india_hsrp_ev
plate_1974.jpg,AB88KLM,foreign_uk_style
plate_1975.jpg,TR48VM1132,india_hsrp_ev
plate_1976.jpg,RJ78FS4840,india_hsrp_commercial
plate_1977.jpg,WB91VX3054,india_hsrp_commercial
plate_1978.jpg,GJ40NJ7041,india_old_ev
plate_1979.jpg,KL24BF5925,india_hsrp_ev
plate_1980.jpg,UP55CY7750,india_old_private
plate_1981.jpg,NL53PY1125,india_hsrp_private
plate_1982.jpg,UK48CP2272,india_hsrp_commercial
plate_1983.jpg,AS82EV4803,india_hsrp_commercial
plate_1984.jpg,TR02DH9958,india_hsrp_commercial
plate_1985.jpg,MZ87FN4696,india_hsrp_ev
plate_1986.jpg,JK85SK5600,india_hsrp_private
plate_1987.jpg,PB90KZ2846,india_old_private
plate_1988.jpg,MH89DL2404,india_hsrp_private
plate_1989.jpg,HP30SK4884,india_old_private
plate_1990.jpg,71027,foreign_gulf_style
plate_1991.jpg,ML14BJ7680,india_hsrp_private
plate_1992.jpg,CD836KL,foreign_eu_generic
plate_1993.jpg,JH81LM5914,india_hsrp_commercial
plate_1994.jpg,AB61KLM,foreign_uk_style
plate_1995.jpg,JH33HY3753,india_old_private
plate_1996.jpg,PY13VP4706,india_hsrp_private
plate_1997.jpg,CA386XYZ,foreign_us_generic
plate_1998.jpg,DN38NU4296,india_hsrp_commercial
plate_1999.jpg,PY38TN2147,india_hsrp_private
plate_2000.jpg,NL52SK2486,india_hsrp_commercial
plate_2001.jpg,GH757XY,foreign_eu_generic
plate_2002.jpg,PB62FV4016,india_old_private
plate_2003.jpg,77250,foreign_gulf_style
plate_2004.jpg,JH91UX9578,india_hsrp_commercial
plate_2005.jpg,TR33DW7714,india_old_private
plate_2006.jpg,AP80EB7817,india_hsrp_private
plate_2007.jpg,CH11DB7549,india_hsrp_private
plate_2008.jpg,UK24VT1208,india_old_ev
plate_2009.jpg,DN05YW8044,india_hsrp_private
plate_2010.jpg,HP89JU9787,india_old_private
plate_2011.jpg,JK85KB2823,india_old_private
plate_2012.jpg,HR86GN5332,india_hsrp_private
plate_2013.jpg,DN70VN2447,india_hsrp_private
plate_2014.jpg,NL50FE9854,india_hsrp_private
plate_2015.jpg,JH56SL9530,india_hsrp_private
plate_2016.jpg,DL39FJ9651,india_hsrp_private
plate_2017.jpg,FL236XYZ,foreign_us_generic
plate_2018.jpg,TS91HU7448,india_old_private
plate_2019.jpg,JK77UC1043,india_hsrp_private
plate_2020.jpg,OR72RZ1157,india_hsrp_private
plate_2021.jpg,TR07LA5287,india_hsrp_commercial
plate_2022.jpg,TX185MNP,foreign_us_generic
plate_2023.jpg,UK94FP2489,india_hsrp_ev
plate_2024.jpg,EF966MN,foreign_eu_generic
plate_2025.jpg,HP95HH2224,india_hsrp_private
plate_2026.jpg,CD948KL,foreign_eu_generic
plate_2027.jpg,TR79SK1675,india_hsrp_private
plate_2028.jpg,PB99TG6275,india_hsrp_private
plate_2029.jpg,KL78WG8418,india_hsrp_private
plate_2030.jpg,AN76WT1575,india_hsrp_private
plate_2031.jpg,HP42MR7972,india_old_private
plate_2032.jpg,HP99HN9125,india_old_commercial
plate_2033.jpg,TN32HC1039,india_hsrp_private
plate_2034.jpg,FL635ABC,foreign_us_generic
plate_2035.jpg,64841,foreign_gulf_style
plate_2036.jpg,MP95EY2906,india_old_private
plate_2037.jpg,MP66HE6469,india_hsrp_private
plate_2038.jpg,JK04CW1036,india_old_commercial
plate_2039.jpg,DN25WB2891,india_old_commercial
plate_2040.jpg,TS87AH5517,india_hsrp_private
plate_2041.jpg,ML05KS7635,india_hsrp_commercial
plate_2042.jpg,AP56DS2074,india_hsrp_commercial
plate_2043.jpg,MH27SR6410,india_hsrp_private
plate_2044.jpg,HR26XW7117,india_hsrp_private
plate_2045.jpg,SK83YD5797,india_hsrp_private
plate_2046.jpg,UK47DY2679,india_old_commercial
plate_2047.jpg,MZ86VE9724,india_hsrp_private
plate_2048.jpg,GJ48ZV2540,india_hsrp_commercial
plate_2049.jpg,MP07NJ5303,india_old_private
plate_2050.jpg,AR72YS7316,india_old_ev
plate_2051.jpg,AS86SJ8945,india_hsrp_private
plate_2052.jpg,MP20PS6009,india_hsrp_private
plate_2053.jpg,JK23WV2656,india_old_private
plate_2054.jpg,AR61TC8311,india_old_commercial
plate_2055.jpg,DL61XU2705,india_hsrp_private
plate_2056.jpg,ML62EK4247,india_hsrp_ev
plate_2057.jpg,PB60WA6545,india_hsrp_private
plate_2058.jpg,MN76WM9015,india_old_commercial
plate_2059.jpg,KA56VM7874,india_hsrp_private
plate_2060.jpg,AN99AZ8266,india_old_private
plate_2061.jpg,ML43VD9098,india_hsrp_ev
plate_2062.jpg,HR65EJ2454,india_hsrp_private
plate_2063.jpg,AP57AU3541,india_hsrp_private
plate_2064.jpg,JK79ZX8110,india_hsrp_private
plate_2065.jpg,TR51ZH2101,india_hsrp_ev
plate_2066.jpg,MP79AA6533,india_hsrp_ev
plate_2067.jpg,53160,foreign_gulf_style
plate_2068.jpg,JK39LW1509,india_hsrp_ev
plate_2069.jpg,MZ74ZS4421,india_hsrp_private
plate_2070.jpg,HP90DW4219,india_hsrp_private
plate_2071.jpg,AR57UA3470,india_hsrp_private
plate_2072.jpg,MZ86KF3311,india_old_private
plate_2073.jpg,DL05JZ6470,india_hsrp_private
plate_2074.jpg,OR83VK2151,india_hsrp_commercial
plate_2075.jpg,NY774MNP,foreign_us_generic
plate_2076.jpg,GJ84FZ9471,india_old_ev
plate_2077.jpg,TR41YB3736,india_old_private
plate_2078.jpg,TN95AW2134,india_hsrp_private
plate_2079.jpg,AB27KLM,foreign_uk_style
plate_2080.jpg,BR82MX3685,india_hsrp_private
plate_2081.jpg,AS77VK7976,india_hsrp_private
plate_2082.jpg,NY268XYZ,foreign_us_generic
plate_2083.jpg,JH59TS4725,india_hsrp_private
plate_2084.jpg,GJ09DY2810,india_hsrp_commercial
plate_2085.jpg,UP42BC1974,india_hsrp_ev
plate_2086.jpg,BR68PC4427,india_hsrp_private
plate_2087.jpg,23968,foreign_gulf_style
plate_2088.jpg,KL65FL1166,india_hsrp_private
plate_2089.jpg,FL962ABC,foreign_us_generic
plate_2090.jpg,AN78XY7662,india_old_commercial
plate_2091.jpg,WB27MB7723,india_hsrp_private
plate_2092.jpg,23690,foreign_gulf_style
plate_2093.jpg,RJ99UW7126,india_hsrp_commercial
plate_2094.jpg,PB47KW6699,india_old_private
plate_2095.jpg,MH10NS6998,india_hsrp_private
plate_2096.jpg,GA64HU2948,india_hsrp_private
plate_2097.jpg,KA05CE7667,india_hsrp_commercial
plate_2098.jpg,BR40BF7740,india_hsrp_commercial
plate_2099.jpg,KL25YS5750,india_hsrp_private
plate_2100.jpg,MZ78ZA4371,india_hsrp_ev
plate_2101.jpg,MP23SP1680,india_hsrp_commercial
plate_2102.jpg,EF96XYZ,foreign_uk_style
plate_2103.jpg,SK07UJ3620,india_hsrp_commercial
plate_2104.jpg,GJ73WJ4432,india_hsrp_private
plate_2105.jpg,AR17UF2981,india_hsrp_private
plate_2106.jpg,CH50TC1465,india_hsrp_commercial
plate_2107.jpg,SK92GU4867,india_old_private
plate_2108.jpg,47488,foreign_gulf_style
plate_2109.jpg,SK09RJ1963,india_old_private
plate_2110.jpg,AN03PW3298,india_old_private
plate_2111.jpg,MH28VR5538,india_old_private
plate_2112.jpg,TS43MC3687,india_hsrp_commercial
plate_2113.jpg,UK70TD9562,india_hsrp_commercial
plate_2114.jpg,JK91XH6308,india_old_private
plate_2115.jpg,AN55ZK6790,india_hsrp_commercial
plate_2116.jpg,CD30KLM,foreign_uk_style
plate_2117.jpg,MP48EZ1116,india_hsrp_private
plate_2118.jpg,MN25KL7869,india_hsrp_commercial
plate_2119.jpg,MZ91YR9742,india_hsrp_private
plate_2120.jpg,TS84SN1392,india_hsrp_commercial
plate_2121.jpg,GA08XL2045,india_hsrp_ev
plate_2122.jpg,AR46JT9539,india_old_private
plate_2123.jpg,JH65TY4723,india_hsrp_private
plate_2124.jpg,MZ55LK8249,india_hsrp_private
plate_2125.jpg,JH70LM8595,india_old_commercial
plate_2126.jpg,TR29LW2632,india_hsrp_private
plate_2127.jpg,HR97US7013,india_hsrp_private
plate_2128.jpg,CH38AN6633,india_old_private
plate_2129.jpg,DL75NK4468,india_hsrp_private
plate_2130.jpg,KA30XR3132,india_hsrp_commercial
plate_2131.jpg,MP31DN1066,india_old_private
plate_2132.jpg,DD22MU9932,india_hsrp_private
plate_2133.jpg,PB18ZJ6919,india_hsrp_private
plate_2134.jpg,TN32RU9080,india_hsrp_private
plate_2135.jpg,MH68HS4697,india_hsrp_commercial
plate_2136.jpg,GH708XY,foreign_eu_generic
plate_2137.jpg,AS67XD5182,india_hsrp_private
plate_2138.jpg,HR28NX8824,india_hsrp_commercial
plate_2139.jpg,DD06AW3874,india_hsrp_ev
plate_2140.jpg,OR66HC7723,india_old_private
plate_2141.jpg,SK17AW2592,india_hsrp_private
plate_2142.jpg,OR18PB8933,india_hsrp_ev
plate_2143.jpg,DL73BF8338,india_hsrp_ev
plate_2144.jpg,TS48EW6529,india_hsrp_commercial
plate_2145.jpg,CH87VU7229,india_hsrp_private
plate_2146.jpg,HP42PC8161,india_hsrp_private
plate_2147.jpg,OR02AU1493,india_hsrp_private
plate_2148.jpg,SK77UT7203,india_hsrp_private
plate_2149.jpg,CA502MNP,foreign_us_generic
plate_2150.jpg,PY76XX5949,india_hsrp_commercial
plate_2151.jpg,NL01KY4164,india_hsrp_private
plate_2152.jpg,DN18TY6040,india_hsrp_private
plate_2153.jpg,WB17SB6267,india_hsrp_private
plate_2154.jpg,CH84EE3429,india_hsrp_commercial
plate_2155.jpg,GA70EG8501,india_hsrp_private
plate_2156.jpg,ML75WA7577,india_hsrp_ev
plate_2157.jpg,DN24KN3113,india_hsrp_ev
plate_2158.jpg,LD97BK8304,india_old_private
plate_2159.jpg,HP33RB3034,india_hsrp_private
plate_2160.jpg,MP44LX8199,india_hsrp_commercial
plate_2161.jpg,TS20MZ8967,india_old_private
plate_2162.jpg,MN61KS2873,india_old_private
plate_2163.jpg,AS73FU4505,india_hsrp_private
plate_2164.jpg,SK12AA5102,india_hsrp_private
plate_2165.jpg,KA15KH1168,india_old_private
plate_2166.jpg,DD66SX3075,india_hsrp_commercial
plate_2167.jpg,45974,foreign_gulf_style
plate_2168.jpg,BR68HX4184,india_hsrp_private
plate_2169.jpg,CA250MNP,foreign_us_generic
plate_2170.jpg,CD44XYZ,foreign_uk_style
plate_2171.jpg,TS02BP4324,india_old_commercial
plate_2172.jpg,MP56XC4542,india_hsrp_private
plate_2173.jpg,NL52DC7104,india_old_private
plate_2174.jpg,NL58JW8810,india_hsrp_private
plate_2175.jpg,PY35AB7258,india_hsrp_private
plate_2176.jpg,UP06MT7712,india_old_private
plate_2177.jpg,MN69HF3414,india_hsrp_commercial
plate_2178.jpg,DD31LU9350,india_hsrp_private
plate_2179.jpg,AR39BU9971,india_hsrp_private
plate_2180.jpg,RJ26DT6391,india_hsrp_ev
plate_2181.jpg,NL88XZ9032,india_hsrp_private
plate_2182.jpg,TS19KN3784,india_hsrp_commercial
plate_2183.jpg,MN80NN5395,india_hsrp_private
plate_2184.jpg,CA534MNP,foreign_us_generic
plate_2185.jpg,MZ91XP9850,india_hsrp_private
plate_2186.jpg,ML39NW7312,india_hsrp_commercial
plate_2187.jpg,MN56LZ7893,india_hsrp_commercial
plate_2188.jpg,KL65GE5767,india_old_ev
plate_2189.jpg,JH84PD2639,india_old_commercial
plate_2190.jpg,MP07HE3491,india_hsrp_private
plate_2191.jpg,TR95MP8935,india_hsrp_commercial
plate_2192.jpg,MH85SE8444,india_hsrp_private
plate_2193.jpg,WB26ZK8215,india_hsrp_ev
plate_2194.jpg,TS85TD8916,india_old_private
plate_2195.jpg,MZ20AE3207,india_hsrp_private
plate_2196.jpg,CH12PN6615,india_hsrp_commercial
plate_2197.jpg,TX569ABC,foreign_us_generic
plate_2198.jpg,PB23AW5460,india_old_private
plate_2199.jpg,AP29CY8981,india_hsrp_commercial
plate_2200.jpg,DL58RZ4664,india_hsrp_private
plate_2201.jpg,UK26ZE8792,india_hsrp_commercial
plate_2202.jpg,JK37SV5821,india_hsrp_private
plate_2203.jpg,DL91SY3977,india_hsrp_commercial
plate_2204.jpg,MH22HA1893,india_hsrp_private
plate_2205.jpg,AP23NN7873,india_old_private
plate_2206.jpg,CD35ABC,foreign_uk_style
plate_2207.jpg,CH53GS5515,india_hsrp_commercial
plate_2208.jpg,KL21EP5293,india_hsrp_commercial
plate_2209.jpg,MZ52PH8875,india_hsrp_private
plate_2210.jpg,HP80KN3585,india_old_ev
plate_2211.jpg,SK99PU2340,india_hsrp_commercial
plate_2212.jpg,AS28PT6647,india_old_private
plate_2213.jpg,JK92LM7861,india_hsrp_commercial
plate_2214.jpg,AR93AF3275,india_hsrp_private
plate_2215.jpg,ML88BE4398,india_hsrp_private
plate_2216.jpg,HR74VE9602,india_hsrp_private
plate_2217.jpg,MZ35UP8776,india_hsrp_commercial
plate_2218.jpg,MH93ZT7945,india_old_private
plate_2219.jpg,DN97GE5031,india_old_commercial
plate_2220.jpg,HR07JK8475,india_hsrp_private
plate_2221.jpg,AP17WP1311,india_hsrp_private
plate_2222.jpg,AB74ABC,foreign_uk_style
plate_2223.jpg,UK90BU6213,india_hsrp_private
plate_2224.jpg,TN47YL6517,india_hsrp_commercial
plate_2225.jpg,LD02PG7376,india_hsrp_ev
plate_2226.jpg,LD55RY2408,india_hsrp_private
plate_2227.jpg,ML37XZ3402,india_old_private
plate_2228.jpg,EF583XY,foreign_eu_generic
plate_2229.jpg,CD28XYZ,foreign_uk_style
plate_2230.jpg,WB67NM2470,india_hsrp_private
plate_2231.jpg,DL78PH3328,india_hsrp_private
plate_2232.jpg,DN80MV8642,india_hsrp_commercial
plate_2233.jpg,HR09WX3101,india_hsrp_private
plate_2234.jpg,MN03RV4633,india_hsrp_ev
plate_2235.jpg,CA422ABC,foreign_us_generic
plate_2236.jpg,SK31XU2573,india_old_commercial
plate_2237.jpg,AP84BF4223,india_hsrp_commercial
plate_2238.jpg,HP41JJ8188,india_hsrp_commercial
plate_2239.jpg,KA12CV6586,india_hsrp_private
plate_2240.jpg,BR98XV4010,india_hsrp_private
plate_2241.jpg,KL30KL7616,india_hsrp_private
plate_2242.jpg,MZ05XH6420,india_old_private
plate_2243.jpg,JH58NW7547,india_hsrp_commercial
plate_2244.jpg,AN74EY3030,india_hsrp_private
plate_2245.jpg,KL51DB9268,india_hsrp_private
plate_2246.jpg,KL17WK3793,india_hsrp_private
plate_2247.jpg,HR55LS3473,india_hsrp_private
plate_2248.jpg,SK19BB9416,india_hsrp_private
plate_2249.jpg,NL20DP4609,india_hsrp_private
plate_2250.jpg,ML47NC4517,india_hsrp_private
plate_2251.jpg,TS60XR9424,india_hsrp_ev
plate_2252.jpg,PY02GL7048,india_old_commercial
plate_2253.jpg,42355,foreign_gulf_style
plate_2254.jpg,OR54BA2827,india_hsrp_commercial
plate_2255.jpg,PB86HD9628,india_hsrp_private
plate_2256.jpg,DN60EL3204,india_hsrp_commercial
plate_2257.jpg,UK57VE3392,india_hsrp_ev
plate_2258.jpg,FL322XYZ,foreign_us_generic
plate_2259.jpg,PB29VN5284,india_hsrp_private
plate_2260.jpg,LD78GS1936,india_hsrp_private
plate_2261.jpg,ML05VB3523,india_hsrp_ev
plate_2262.jpg,GA28ZM5574,india_hsrp_commercial
plate_2263.jpg,67184,foreign_gulf_style
plate_2264.jpg,OR22VZ5582,india_hsrp_private
plate_2265.jpg,RJ06RU9095,india_old_commercial
plate_2266.jpg,GA37JY8947,india_hsrp_private
plate_2267.jpg,AP53LM5553,india_hsrp_private
plate_2268.jpg,AB195MN,foreign_eu_generic
plate_2269.jpg,51774,foreign_gulf_style
plate_2270.jpg,HR55JU2633,india_old_private
plate_2271.jpg,UK95BZ7627,india_old_private
plate_2272.jpg,LD02WE7967,india_old_commercial
plate_2273.jpg,DD39LB3774,india_hsrp_commercial
plate_2274.jpg,AB79XYZ,foreign_uk_style
plate_2275.jpg,DD15HE4308,india_hsrp_private
plate_2276.jpg,DN51AZ9402,india_hsrp_private
plate_2277.jpg,88898,foreign_gulf_style
plate_2278.jpg,JH67XA2080,india_hsrp_private
plate_2279.jpg,HP69AE3922,india_hsrp_private
plate_2280.jpg,JK27NE3527,india_old_private
plate_2281.jpg,AR45GH5538,india_hsrp_commercial
plate_2282.jpg,CD72XYZ,foreign_uk_style
plate_2283.jpg,TS37EV4442,india_hsrp_commercial
plate_2284.jpg,89480,foreign_gulf_style
plate_2285.jpg,MH99KR5736,india_hsrp_commercial
plate_2286.jpg,BR31ET9333,india_hsrp_commercial
plate_2287.jpg,MH35BP1259,india_hsrp_private
plate_2288.jpg,KL56SG9265,india_hsrp_commercial
plate_2289.jpg,AB605MN,foreign_eu_generic
plate_2290.jpg,EF439MN,foreign_eu_generic
plate_2291.jpg,PY78CP7721,india_hsrp_commercial
plate_2292.jpg,AB95KLM,foreign_uk_style
plate_2293.jpg,MP89EA9936,india_hsrp_private
plate_2294.jpg,KA77VT2003,india_hsrp_private
plate_2295.jpg,SK81GL9607,india_hsrp_commercial
plate_2296.jpg,NL82AE3174,india_hsrp_private
plate_2297.jpg,WB85XK5210,india_hsrp_commercial
plate_2298.jpg,TR18WG2088,india_hsrp_private
plate_2299.jpg,TR29KH1793,india_hsrp_private
plate_2300.jpg,MP82XV3614,india_hsrp_private
plate_2301.jpg,EF75ABC,foreign_uk_style
plate_2302.jpg,UP52LU2342,india_hsrp_commercial
plate_2303.jpg,27228,foreign_gulf_style
plate_2304.jpg,GJ64HL4991,india_old_private
plate_2305.jpg,AB139KL,foreign_eu_generic
plate_2306.jpg,HR52VX1952,india_old_private
plate_2307.jpg,ML48RS7344,india_hsrp_commercial
plate_2308.jpg,NL92KA1037,india_old_private
plate_2309.jpg,RJ05GD5559,india_hsrp_commercial
plate_2310.jpg,JH34XW5323,india_hsrp_private
plate_2311.jpg,TR94RX6640,india_hsrp_private
plate_2312.jpg,AS35XJ3242,india_hsrp_private
plate_2313.jpg,AP12ER8205,india_hsrp_private
plate_2314.jpg,HR40AF2944,india_hsrp_private
plate_2315.jpg,UK80RG4425,india_hsrp_commercial
plate_2316.jpg,CH91VT9063,india_old_ev
plate_2317.jpg,AP26JU6054,india_old_private
plate_2318.jpg,CD488XY,foreign_eu_generic
plate_2319.jpg,KL34XH6990,india_hsrp_ev
plate_2320.jpg,PB99PZ6212,india_old_commercial
plate_2321.jpg,HR70JB2833,india_hsrp_private
plate_2322.jpg,HP18WE2818,india_hsrp_private
plate_2323.jpg,NY185MNP,foreign_us_generic
plate_2324.jpg,AS56NB9100,india_hsrp_private
plate_2325.jpg,MZ97BD3802,india_old_private
plate_2326.jpg,AB73XYZ,foreign_uk_style
plate_2327.jpg,PY88DX9410,india_hsrp_private
plate_2328.jpg,AN27RP2359,india_hsrp_private
plate_2329.jpg,JH48LC9391,india_old_private
plate_2330.jpg,MN84JV9646,india_old_private
plate_2331.jpg,MH56JE3132,india_hsrp_private
plate_2332.jpg,DL08NJ1783,india_hsrp_commercial
plate_2333.jpg,DN35LW1005,india_hsrp_commercial
plate_2334.jpg,RJ18UP6935,india_old_private
plate_2335.jpg,TS48PL9375,india_hsrp_commercial
plate_2336.jpg,22576,foreign_gulf_style
plate_2337.jpg,UK31UK5289,india_old_private
plate_2338.jpg,MN40NW5998,india_hsrp_commercial
plate_2339.jpg,AS51BD9917,india_hsrp_commercial
plate_2340.jpg,AP09SC7676,india_old_commercial
plate_2341.jpg,MH15WT9215,india_hsrp_private
plate_2342.jpg,AS75GM5691,india_hsrp_commercial
plate_2343.jpg,JK39LC7759,india_hsrp_private
plate_2344.jpg,GA53UL6048,india_old_ev
plate_2345.jpg,MN01YE1858,india_old_private
plate_2346.jpg,DL62YA9149,india_old_private
plate_2347.jpg,ML05KT9579,india_hsrp_private
plate_2348.jpg,HR05ND2073,india_hsrp_commercial
plate_2349.jpg,AB58XYZ,foreign_uk_style
plate_2350.jpg,TX954ABC,foreign_us_generic
plate_2351.jpg,AP54TC1793,india_hsrp_private
plate_2352.jpg,TR33UL3644,india_hsrp_private
plate_2353.jpg,UK20AP4769,india_old_private
plate_2354.jpg,MZ97NF6194,india_hsrp_private
plate_2355.jpg,NL86BC3287,india_hsrp_private
plate_2356.jpg,AS15BB7444,india_hsrp_ev
plate_2357.jpg,EF76KLM,foreign_uk_style
plate_2358.jpg,ML61JE4412,india_old_commercial
plate_2359.jpg,BR17PY5894,india_hsrp_private
plate_2360.jpg,BR51GM7531,india_hsrp_commercial
plate_2361.jpg,OR06FP3978,india_hsrp_private
plate_2362.jpg,60392,foreign_gulf_style
plate_2363.jpg,JH66SC7788,india_hsrp_private
plate_2364.jpg,MZ69LS7350,india_hsrp_private
plate_2365.jpg,GA71RK1432,india_hsrp_commercial
plate_2366.jpg,TX766ABC,foreign_us_generic
plate_2367.jpg,DD49WM3077,india_old_commercial
plate_2368.jpg,UP46KT3643,india_hsrp_private
plate_2369.jpg,92194,foreign_gulf_style
plate_2370.jpg,MN36YM6437,india_hsrp_commercial
plate_2371.jpg,CD483MN,foreign_eu_generic
plate_2372.jpg,LD60HP2785,india_hsrp_private
plate_2373.jpg,JK12SG1450,india_hsrp_ev
plate_2374.jpg,MN01PU3935,india_hsrp_private
plate_2375.jpg,WB98TN6900,india_old_private
plate_2376.jpg,97679,foreign_gulf_style
plate_2377.jpg,CD72ABC,foreign_uk_style
plate_2378.jpg,JH67NU5261,india_hsrp_commercial
plate_2379.jpg,AS17XE3925,india_hsrp_private
plate_2380.jpg,CD27ABC,foreign_uk_style
plate_2381.jpg,DD32RA4517,india_hsrp_commercial
plate_2382.jpg,ML21BF6537,india_hsrp_ev
plate_2383.jpg,OR86JZ1573,india_old_commercial
plate_2384.jpg,AB359MN,foreign_eu_generic
plate_2385.jpg,AN14VS7746,india_hsrp_private
plate_2386.jpg,HR28XN2335,india_hsrp_commercial
plate_2387.jpg,GA85SR5854,india_hsrp_private
plate_2388.jpg,PB62TM7153,india_hsrp_private
plate_2389.jpg,GJ19YA7914,india_hsrp_commercial
plate_2390.jpg,AP58LL2426,india_hsrp_private
plate_2391.jpg,OR52MR5250,india_hsrp_private
plate_2392.jpg,MZ11DU9853,india_hsrp_commercial
plate_2393.jpg,DL32KK4396,india_hsrp_private
plate_2394.jpg,GA40VJ7537,india_old_private
plate_2395.jpg,MN04SZ4669,india_hsrp_private
plate_2396.jpg,LD40ZG1491,india_old_private
plate_2397.jpg,JK11FZ2844,india_old_private
plate_2398.jpg,JK23KX4166,india_hsrp_private
plate_2399.jpg,DD69WY3010,india_old_commercial
plate_2400.jpg,UP64FJ6059,india_hsrp_private
plate_2401.jpg,TR43YA5559,india_hsrp_commercial
plate_2402.jpg,AS39WN3907,india_hsrp_private
plate_2403.jpg,EF687XY,foreign_eu_generic
plate_2404.jpg,DN35GV3312,india_old_private
plate_2405.jpg,CA874MNP,foreign_us_generic
plate_2406.jpg,TN80YD2881,india_old_commercial
plate_2407.jpg,GA59ZW1511,india_hsrp_private
plate_2408.jpg,CA594ABC,foreign_us_generic
plate_2409.jpg,AN61DH1152,india_hsrp_private
plate_2410.jpg,UK59DE1676,india_old_private
plate_2411.jpg,TS37FD8238,india_old_private
plate_2412.jpg,WB82SV1209,india_old_commercial
plate_2413.jpg,MH83CJ3922,india_old_private
plate_2414.jpg,49324,foreign_gulf_style
plate_2415.jpg,SK24KZ4890,india_hsrp_commercial
plate_2416.jpg,AN81CD5792,india_old_private
plate_2417.jpg,AN24WM6374,india_hsrp_private
plate_2418.jpg,ML14VE5228,india_old_private
plate_2419.jpg,BR18ZA3461,india_hsrp_commercial
plate_2420.jpg,MN01HM8223,india_old_commercial
plate_2421.jpg,KL72GZ1409,india_hsrp_private
plate_2422.jpg,CH79JN7190,india_hsrp_commercial
plate_2423.jpg,DL54GF3360,india_old_commercial
plate_2424.jpg,OR43EH5335,india_hsrp_private
plate_2425.jpg,DL67ZT9454,india_hsrp_private
plate_2426.jpg,40874,foreign_gulf_style
plate_2427.jpg,MP87XA7690,india_hsrp_ev
plate_2428.jpg,JK04TM1053,india_old_private
plate_2429.jpg,KL68AC5583,india_hsrp_private
plate_2430.jpg,FL423XYZ,foreign_us_generic
plate_2431.jpg,KA76ZH7077,india_hsrp_private
plate_2432.jpg,CH51DK1281,india_old_commercial
plate_2433.jpg,KL60EY6562,india_hsrp_private
plate_2434.jpg,DD12DU4391,india_hsrp_commercial
plate_2435.jpg,AB19XYZ,foreign_uk_style
plate_2436.jpg,TX412XYZ,foreign_us_generic
plate_2437.jpg,MZ95NH9141,india_hsrp_private
plate_2438.jpg,89116,foreign_gulf_style
plate_2439.jpg,CD50KLM,foreign_uk_style
plate_2440.jpg,MH60RG9138,india_hsrp_private
plate_2441.jpg,11621,foreign_gulf_style
plate_2442.jpg,TX823MNP,foreign_us_generic
plate_2443.jpg,TR11XE7789,india_hsrp_private
plate_2444.jpg,JK19AM2998,india_hsrp_commercial
plate_2445.jpg,AP31HW6689,india_hsrp_commercial
plate_2446.jpg,WB23UN8228,india_hsrp_commercial
plate_2447.jpg,KA15EY2929,india_hsrp_commercial
plate_2448.jpg,TN61HH9842,india_hsrp_private
plate_2449.jpg,MP13GP4685,india_old_commercial
plate_2450.jpg,AB86XYZ,foreign_uk_style
plate_2451.jpg,ML52CZ8588,india_hsrp_commercial
plate_2452.jpg,UP24PM6848,india_hsrp_private
plate_2453.jpg,JH61CP5284,india_hsrp_private
plate_2454.jpg,HR52KS7992,india_hsrp_private
plate_2455.jpg,PY93NY3935,india_hsrp_private
plate_2456.jpg,MP30BV6702,india_old_private
plate_2457.jpg,PY64SM7072,india_hsrp_ev
plate_2458.jpg,DL54YH6932,india_hsrp_private
plate_2459.jpg,FL955MNP,foreign_us_generic
plate_2460.jpg,KL98HJ1244,india_hsrp_private
plate_2461.jpg,AR81YH4829,india_old_private
plate_2462.jpg,PY18CM7332,india_hsrp_private
plate_2463.jpg,KA46EB7331,india_hsrp_private
plate_2464.jpg,GJ59SX7585,india_hsrp_private
plate_2465.jpg,UK39YR7416,india_hsrp_private
plate_2466.jpg,MZ71LV7680,india_old_private
plate_2467.jpg,BR55LK9245,india_old_private
plate_2468.jpg,HP63MH3750,india_old_private
plate_2469.jpg,CD113KL,foreign_eu_generic
plate_2470.jpg,ML35VU3738,india_hsrp_private
plate_2471.jpg,UK05HN7605,india_old_private
plate_2472.jpg,JH06UT7384,india_hsrp_private
plate_2473.jpg,KA74WF4107,india_old_commercial
plate_2474.jpg,TR05BL9637,india_hsrp_commercial
plate_2475.jpg,DD71AC1755,india_hsrp_commercial
plate_2476.jpg,PB72TW9802,india_old_private
plate_2477.jpg,MH60PM4842,india_hsrp_private
plate_2478.jpg,ML74TH1242,india_old_private
plate_2479.jpg,UK63TH3316,india_hsrp_commercial
plate_2480.jpg,KA26LH8421,india_old_commercial
plate_2481.jpg,KA06XX6622,india_old_ev
plate_2482.jpg,MP73YV6875,india_hsrp_ev
plate_2483.jpg,UP32AE9531,india_hsrp_commercial
plate_2484.jpg,CH87ZL1612,india_hsrp_commercial
plate_2485.jpg,NL67WJ7442,india_old_private
plate_2486.jpg,HR04JJ7203,india_hsrp_commercial
plate_2487.jpg,HP33ZZ1493,india_hsrp_private
plate_2488.jpg,78980,foreign_gulf_style
plate_2489.jpg,29569,foreign_gulf_style
plate_2490.jpg,PB66FG3640,india_hsrp_private
plate_2491.jpg,UP94RR4565,india_old_private
plate_2492.jpg,WB05JM9800,india_hsrp_private
plate_2493.jpg,TS13UK3939,india_hsrp_private
plate_2494.jpg,MN65WY5135,india_hsrp_commercial
plate_2495.jpg,HP83ZW1153,india_old_private
plate_2496.jpg,ML36MG6754,india_hsrp_private
plate_2497.jpg,TX606XYZ,foreign_us_generic
plate_2498.jpg,BR41CW5665,india_hsrp_private
plate_2499.jpg,CH54YZ7345,india_old_commercial
plate_2500.jpg,WB35UM5545,india_old_private
plate_2501.jpg,JK78XJ9894,india_old_private
plate_2502.jpg,HR84XG8599,india_hsrp_private
plate_2503.jpg,BR89RC8576,india_hsrp_private
plate_2504.jpg,UK88AH4432,india_hsrp_private
plate_2505.jpg,UK87KN8918,india_hsrp_commercial
plate_2506.jpg,SK76DX7162,india_hsrp_private
plate_2507.jpg,MN68XX7011,india_hsrp_private
plate_2508.jpg,MN71PS7287,india_old_commercial
plate_2509.jpg,KA44FH8028,india_hsrp_ev
plate_2510.jpg,UK59GZ9073,india_hsrp_private
plate_2511.jpg,TN15SF9906,india_old_private
plate_2512.jpg,PY96US6341,india_hsrp_private
plate_2513.jpg,OR13ZJ3329,india_old_private
plate_2514.jpg,DD71SN9721,india_hsrp_commercial
plate_2515.jpg,HR94XH3187,india_hsrp_commercial
plate_2516.jpg,AB94XYZ,foreign_uk_style
plate_2517.jpg,KA56BH4889,india_hsrp_private
plate_2518.jpg,UK86YY9047,india_old_ev
plate_2519.jpg,KL70KT8898,india_old_private
plate_2520.jpg,CH61MU5705,india_hsrp_ev
plate_2521.jpg,TX863ABC,foreign_us_generic
plate_2522.jpg,NY771MNP,foreign_us_generic
plate_2523.jpg,NL08AE4755,india_hsrp_ev
plate_2524.jpg,ML63WD1247,india_hsrp_commercial
plate_2525.jpg,RJ44FX5948,india_old_commercial
plate_2526.jpg,CA415XYZ,foreign_us_generic
plate_2527.jpg,RJ02SD6164,india_hsrp_private
plate_2528.jpg,CA288ABC,foreign_us_generic
plate_2529.jpg,PB87CY4141,india_old_commercial
plate_2530.jpg,TS32BN1982,india_hsrp_private
plate_2531.jpg,CD474MN,foreign_eu_generic
plate_2532.jpg,TX369XYZ,foreign_us_generic
plate_2533.jpg,JK29UG3949,india_hsrp_private
plate_2534.jpg,MP76GD2563,india_hsrp_private
plate_2535.jpg,MP60UR7135,india_hsrp_private
plate_2536.jpg,TS29RY4867,india_hsrp_commercial
plate_2537.jpg,MN06RT4237,india_hsrp_private
plate_2538.jpg,KL24NK4796,india_hsrp_private
plate_2539.jpg,AN01ET1547,india_hsrp_commercial
plate_2540.jpg,NL39TS6685,india_hsrp_private
plate_2541.jpg,DD89FH3635,india_old_commercial
plate_2542.jpg,HR28FB8416,india_hsrp_private
plate_2543.jpg,GA07JU1102,india_hsrp_private
plate_2544.jpg,SK70DK7561,india_hsrp_commercial
plate_2545.jpg,AS95DK1294,india_hsrp_commercial
plate_2546.jpg,KL30WT9612,india_old_commercial
plate_2547.jpg,DD80UK7314,india_hsrp_commercial
plate_2548.jpg,LD29TJ6784,india_hsrp_commercial
plate_2549.jpg,CD68KLM,foreign_uk_style
plate_2550.jpg,AR36SN7647,india_hsrp_private
plate_2551.jpg,JH45XZ6812,india_hsrp_private
plate_2552.jpg,MZ36GN3989,india_old_private
plate_2553.jpg,EF98ABC,foreign_uk_style
plate_2554.jpg,MZ51FX9124,india_hsrp_private
plate_2555.jpg,DL33FZ6009,india_hsrp_private
plate_2556.jpg,UP60SK9606,india_old_private
plate_2557.jpg,RJ83CE5069,india_old_private
plate_2558.jpg,AB40KLM,foreign_uk_style
plate_2559.jpg,SK15HR1256,india_hsrp_private
plate_2560.jpg,WB65YU9910,india_hsrp_private
plate_2561.jpg,TN57CP1971,india_hsrp_commercial
plate_2562.jpg,JK80ZP1755,india_hsrp_ev
plate_2563.jpg,MN20ZU3119,india_old_private
plate_2564.jpg,CH09GG5354,india_hsrp_private
plate_2565.jpg,PY34YK3117,india_old_private
plate_2566.jpg,EF597KL,foreign_eu_generic
plate_2567.jpg,JH46DY6303,india_hsrp_private
plate_2568.jpg,KA61WN9978,india_old_private
plate_2569.jpg,MN48CC2612,india_hsrp_commercial
plate_2570.jpg,TS37VE9860,india_hsrp_commercial
plate_2571.jpg,SK86LZ1949,india_hsrp_ev
plate_2572.jpg,TS48MG3520,india_hsrp_commercial
plate_2573.jpg,SK35GP9188,india_hsrp_commercial
plate_2574.jpg,MP39MV7536,india_hsrp_private
plate_2575.jpg,AR80ZT6187,india_old_private
plate_2576.jpg,UK53GK1371,india_old_private
plate_2577.jpg,JH97DY9540,india_old_private
plate_2578.jpg,SK09HS2997,india_hsrp_private
plate_2579.jpg,GJ61CA1168,india_hsrp_commercial
plate_2580.jpg,OR81XG1227,india_old_commercial
plate_2581.jpg,TS26UC3505,india_hsrp_commercial
plate_2582.jpg,TS62MT5965,india_old_ev
plate_2583.jpg,FL841XYZ,foreign_us_generic
plate_2584.jpg,MN23FW4518,india_old_ev
plate_2585.jpg,TR17XF7125,india_hsrp_private
plate_2586.jpg,AS68CR4899,india_hsrp_commercial
plate_2587.jpg,UK12KM9422,india_hsrp_private
plate_2588.jpg,OR95BW2487,india_old_private
plate_2589.jpg,AB49ABC,foreign_uk_style
plate_2590.jpg,TR40AL4189,india_hsrp_commercial
plate_2591.jpg,EF149XY,foreign_eu_generic
plate_2592.jpg,NY215XYZ,foreign_us_generic
plate_2593.jpg,RJ88KN2136,india_hsrp_commercial
plate_2594.jpg,PB93AZ4610,india_hsrp_private
plate_2595.jpg,UK56DE8010,india_hsrp_private
plate_2596.jpg,TN14CV6006,india_hsrp_private
plate_2597.jpg,MN19NH4091,india_old_private
plate_2598.jpg,TR24NZ3229,india_hsrp_private
plate_2599.jpg,PB45YX1899,india_hsrp_private
plate_2600.jpg,KA90DS2363,india_hsrp_commercial
plate_2601.jpg,MZ92MN6387,india_old_private
plate_2602.jpg,KA70PR1582,india_old_commercial
plate_2603.jpg,31468,foreign_gulf_style
plate_2604.jpg,WB77VU6813,india_hsrp_commercial
plate_2605.jpg,NL65HZ4914,india_hsrp_private
plate_2606.jpg,DL45MZ8220,india_hsrp_commercial
plate_2607.jpg,CH44KE8600,india_hsrp_ev
plate_2608.jpg,JH76PV5782,india_old_private
plate_2609.jpg,PY99JW1923,india_hsrp_private
plate_2610.jpg,TR67RP6832,india_hsrp_commercial
plate_2611.jpg,TN23CS1736,india_hsrp_commercial
plate_2612.jpg,DL19YR8138,india_old_commercial
plate_2613.jpg,KL04VV4463,india_hsrp_commercial
plate_2614.jpg,GA37KK3471,india_hsrp_ev
plate_2615.jpg,JK75AM6604,india_hsrp_ev
plate_2616.jpg,WB45BB6958,india_hsrp_commercial
plate_2617.jpg,HP76YB6726,india_hsrp_ev
plate_2618.jpg,BR81BG7086,india_hsrp_commercial
plate_2619.jpg,ML83PA6648,india_hsrp_commercial
plate_2620.jpg,KA78UG4454,india_hsrp_private
plate_2621.jpg,UK56HU3969,india_hsrp_commercial
plate_2622.jpg,RJ27TC6185,india_hsrp_private
plate_2623.jpg,HP67UN4091,india_hsrp_private
plate_2624.jpg,MP56KL1112,india_hsrp_commercial
plate_2625.jpg,EF67XYZ,foreign_uk_style
plate_2626.jpg,AP42EZ1588,india_hsrp_commercial
plate_2627.jpg,HR70WX7073,india_old_private
plate_2628.jpg,JK27US9467,india_old_private
plate_2629.jpg,OR16FM4048,india_hsrp_private
plate_2630.jpg,JH44GE6212,india_old_commercial
plate_2631.jpg,DL66DJ2701,india_hsrp_private
plate_2632.jpg,KL93WR6770,india_old_private
plate_2633.jpg,BR71HH1104,india_hsrp_commercial
plate_2634.jpg,RJ98PJ5791,india_hsrp_commercial
plate_2635.jpg,UK10DD7461,india_hsrp_private
plate_2636.jpg,PY18LM8716,india_hsrp_private
plate_2637.jpg,CD98KLM,foreign_uk_style
plate_2638.jpg,JK42EZ4336,india_old_commercial
plate_2639.jpg,DL02XN6602,india_hsrp_private
plate_2640.jpg,75928,foreign_gulf_style
plate_2641.jpg,KA05UL3591,india_hsrp_commercial
plate_2642.jpg,TN96YG2867,india_old_private
plate_2643.jpg,HP04WU9392,india_hsrp_private
plate_2644.jpg,DN95DD7297,india_old_private
plate_2645.jpg,UK25WE9492,india_hsrp_private
plate_2646.jpg,MH26HH9985,india_hsrp_commercial
plate_2647.jpg,SK09MS2434,india_hsrp_commercial
plate_2648.jpg,PY33ZM5046,india_hsrp_commercial
plate_2649.jpg,MN21UA8371,india_hsrp_commercial
plate_2650.jpg,JK11CR8138,india_old_commercial
plate_2651.jpg,JK34KH9316,india_hsrp_private
plate_2652.jpg,AR98SC2373,india_hsrp_private
plate_2653.jpg,TS14UH5199,india_old_commercial
plate_2654.jpg,KA80AS3632,india_hsrp_private
plate_2655.jpg,HR96RA2729,india_hsrp_private
plate_2656.jpg,JH69TX6712,india_hsrp_ev
plate_2657.jpg,TN80UZ6762,india_hsrp_commercial
plate_2658.jpg,WB16YG5089,india_hsrp_private
plate_2659.jpg,92707,foreign_gulf_style
plate_2660.jpg,CH79DP9664,india_old_commercial
plate_2661.jpg,NL79TM8339,india_hsrp_private
plate_2662.jpg,EF882KL,foreign_eu_generic
plate_2663.jpg,AN52DF3769,india_old_private
plate_2664.jpg,DN30NK7901,india_hsrp_private
plate_2665.jpg,DN31DW3895,india_old_private
plate_2666.jpg,UK18ZK2848,india_hsrp_private
plate_2667.jpg,GJ34KH4817,india_hsrp_private
plate_2668.jpg,AS70LN2901,india_hsrp_ev
plate_2669.jpg,KL82YJ9817,india_hsrp_private
plate_2670.jpg,PY55KN5179,india_old_private
plate_2671.jpg,HP54XL2003,india_hsrp_commercial
plate_2672.jpg,69166,foreign_gulf_style
plate_2673.jpg,PB80PN4053,india_hsrp_private
plate_2674.jpg,AB674KL,foreign_eu_generic
plate_2675.jpg,MP82UE1493,india_hsrp_commercial
plate_2676.jpg,CD97KLM,foreign_uk_style
plate_2677.jpg,HR70NS2591,india_old_private
plate_2678.jpg,DN90UM2804,india_hsrp_private
plate_2679.jpg,PY84LV6331,india_hsrp_private
plate_2680.jpg,UP22RS2701,india_hsrp_private
plate_2681.jpg,AP76DS3535,india_hsrp_ev
plate_2682.jpg,TN39AF8710,india_old_commercial
plate_2683.jpg,HP82MT5222,india_hsrp_private
plate_2684.jpg,MP26CN2941,india_hsrp_commercial
plate_2685.jpg,SK63XG4910,india_hsrp_private
plate_2686.jpg,PB24RC2596,india_hsrp_private
plate_2687.jpg,SK67NB4912,india_hsrp_commercial
plate_2688.jpg,SK25JL3678,india_old_commercial
plate_2689.jpg,AB65ABC,foreign_uk_style
plate_2690.jpg,MP19DF7309,india_hsrp_ev
plate_2691.jpg,EF86KLM,foreign_uk_style
plate_2692.jpg,MN59PD1725,india_hsrp_commercial
plate_2693.jpg,DN94BP6378,india_old_private
plate_2694.jpg,JH04YC5988,india_old_private
plate_2695.jpg,NL22PL7661,india_hsrp_commercial
plate_2696.jpg,TN52XF9071,india_hsrp_private
plate_2697.jpg,AR83XB5767,india_old_private
plate_2698.jpg,CH57BK9011,india_old_private
plate_2699.jpg,MN50YE7013,india_hsrp_private
plate_2700.jpg,HR28PH2615,india_old_private
plate_2701.jpg,AN50EP7349,india_old_private
plate_2702.jpg,NL51GN6494,india_hsrp_private
plate_2703.jpg,PY68GE9653,india_hsrp_commercial
plate_2704.jpg,BR91KA8278,india_hsrp_private
plate_2705.jpg,SK26VD1910,india_hsrp_commercial
plate_2706.jpg,PY72ZG9628,india_hsrp_private
plate_2707.jpg,AP24XE3389,india_hsrp_private
plate_2708.jpg,MH67FC8600,india_hsrp_private
plate_2709.jpg,MP13ZU3164,india_hsrp_commercial
plate_2710.jpg,10285,foreign_gulf_style
plate_2711.jpg,TR51SU9503,india_hsrp_ev
plate_2712.jpg,UP76RC1389,india_hsrp_commercial
plate_2713.jpg,66220,foreign_gulf_style
plate_2714.jpg,MP91DA4812,india_old_private
plate_2715.jpg,WB93KX2010,india_old_commercial
plate_2716.jpg,FL670ABC,foreign_us_generic
plate_2717.jpg,UK62JK3756,india_old_commercial
plate_2718.jpg,MZ95EV1793,india_hsrp_private
plate_2719.jpg,43220,foreign_gulf_style
plate_2720.jpg,JH24MD8287,india_hsrp_private
plate_2721.jpg,RJ49JM5342,india_old_private
plate_2722.jpg,JH10WX5134,india_hsrp_commercial
plate_2723.jpg,GA06VC9954,india_hsrp_private
plate_2724.jpg,HP99VF2777,india_hsrp_private
plate_2725.jpg,AR53GA3999,india_hsrp_private
plate_2726.jpg,DN77TV1672,india_hsrp_commercial
plate_2727.jpg,GA22KU4987,india_old_private
plate_2728.jpg,RJ03MH5406,india_hsrp_private
plate_2729.jpg,ML99NZ5246,india_hsrp_private
plate_2730.jpg,UK46XV6593,india_hsrp_private
plate_2731.jpg,DL80JP9723,india_hsrp_commercial
plate_2732.jpg,DD51CX4809,india_hsrp_private
plate_2733.jpg,AR42GL3812,india_hsrp_private
plate_2734.jpg,EF85KLM,foreign_uk_style
plate_2735.jpg,KL72LF1371,india_hsrp_private
plate_2736.jpg,MP61AR5637,india_hsrp_private
plate_2737.jpg,DL85GT7755,india_hsrp_private
plate_2738.jpg,EF421MN,foreign_eu_generic
plate_2739.jpg,KL16WK9253,india_hsrp_commercial
plate_2740.jpg,MP41RU9383,india_hsrp_private
plate_2741.jpg,GA63LK5913,india_hsrp_private
plate_2742.jpg,GA15UE8876,india_hsrp_private
plate_2743.jpg,OR58XS9446,india_hsrp_private
plate_2744.jpg,ML91LG4983,india_hsrp_ev
plate_2745.jpg,GJ05FU4185,india_hsrp_private
plate_2746.jpg,WB37WN9487,india_old_private
plate_2747.jpg,HP23ZF6115,india_old_commercial
plate_2748.jpg,BR12CV4853,india_hsrp_private
plate_2749.jpg,CH48YT3563,india_hsrp_private
plate_2750.jpg,PY19KD4534,india_hsrp_private
plate_2751.jpg,AP27HJ8452,india_hsrp_private
plate_2752.jpg,MN12CG8706,india_hsrp_private
plate_2753.jpg,FL775XYZ,foreign_us_generic
plate_2754.jpg,22386,foreign_gulf_style
plate_2755.jpg,PY05YR4484,india_hsrp_private
plate_2756.jpg,EF656KL,foreign_eu_generic
plate_2757.jpg,BR47CU5131,india_hsrp_private
plate_2758.jpg,AN43YL8852,india_hsrp_commercial
plate_2759.jpg,KL03DD9922,india_hsrp_private
plate_2760.jpg,HP38SY8136,india_hsrp_private
plate_2761.jpg,KL62DC5002,india_hsrp_private
plate_2762.jpg,CH37NN8297,india_hsrp_commercial
plate_2763.jpg,CH32WF3137,india_hsrp_private
plate_2764.jpg,CA385MNP,foreign_us_generic
plate_2765.jpg,MN69YP9796,india_hsrp_private
plate_2766.jpg,GA97DV6671,india_hsrp_private
plate_2767.jpg,DN86WP7299,india_hsrp_private
plate_2768.jpg,CH98DL3999,india_hsrp_private
plate_2769.jpg,PB97BV9950,india_old_commercial
plate_2770.jpg,HP03GY8009,india_old_commercial
plate_2771.jpg,MP36FP5975,india_hsrp_private
plate_2772.jpg,MZ19KB4204,india_hsrp_ev
plate_2773.jpg,46504,foreign_gulf_style
plate_2774.jpg,MZ25SP3506,india_hsrp_commercial
plate_2775.jpg,NY511ABC,foreign_us_generic
plate_2776.jpg,TN78RH6028,india_old_commercial
plate_2777.jpg,CD74XYZ,foreign_uk_style
plate_2778.jpg,HR81BE1108,india_hsrp_commercial
plate_2779.jpg,AP24PJ1511,india_hsrp_commercial
plate_2780.jpg,MN81KZ2784,india_old_private
plate_2781.jpg,AN77TY6905,india_hsrp_commercial
plate_2782.jpg,CA184ABC,foreign_us_generic
plate_2783.jpg,MZ29WV6734,india_old_private
plate_2784.jpg,GH613XY,foreign_eu_generic
plate_2785.jpg,GA17WZ9599,india_old_private
plate_2786.jpg,BR64MU2369,india_old_private
plate_2787.jpg,AR24MD6988,india_hsrp_private
plate_2788.jpg,GA14HF4800,india_hsrp_ev
plate_2789.jpg,GJ27JZ4472,india_old_private
plate_2790.jpg,MH92SA9582,india_hsrp_commercial
plate_2791.jpg,ML46CV5988,india_hsrp_private
plate_2792.jpg,AB65KLM,foreign_uk_style
plate_2793.jpg,JH66EP1252,india_hsrp_private
plate_2794.jpg,UK18NR1490,india_old_private
plate_2795.jpg,MP85WX1617,india_old_commercial
plate_2796.jpg,TR25TJ1860,india_hsrp_commercial
plate_2797.jpg,MZ02FE6314,india_hsrp_private
plate_2798.jpg,PB64WU9583,india_hsrp_private
plate_2799.jpg,EF188KL,foreign_eu_generic
plate_2800.jpg,70762,foreign_gulf_style
plate_2801.jpg,GJ99JH5191,india_hsrp_ev
plate_2802.jpg,AN84NG1009,india_old_commercial
plate_2803.jpg,HR51TF6549,india_hsrp_private
plate_2804.jpg,GH573XY,foreign_eu_generic
plate_2805.jpg,PB97LE1520,india_hsrp_commercial
plate_2806.jpg,HP95GY4787,india_old_private
plate_2807.jpg,AN16RT2406,india_hsrp_private
plate_2808.jpg,UK34FP5946,india_hsrp_ev
plate_2809.jpg,86044,foreign_gulf_style
plate_2810.jpg,CD83ABC,foreign_uk_style
plate_2811.jpg,LD94AH2025,india_hsrp_private
plate_2812.jpg,JK95FR6448,india_old_private
plate_2813.jpg,RJ11JL3793,india_old_commercial
plate_2814.jpg,TN57LX2190,india_hsrp_commercial
plate_2815.jpg,AP70GD4309,india_hsrp_private
plate_2816.jpg,LD55RV7223,india_hsrp_private
plate_2817.jpg,PB96NZ5323,india_old_private
plate_2818.jpg,KL49TY9499,india_old_private
plate_2819.jpg,ML54AH8325,india_hsrp_commercial
plate_2820.jpg,GJ51NE3038,india_hsrp_private
plate_2821.jpg,EF17XYZ,foreign_uk_style
plate_2822.jpg,EF69ABC,foreign_uk_style
plate_2823.jpg,JH21PL4743,india_old_ev
plate_2824.jpg,SK31HR5008,india_hsrp_private
plate_2825.jpg,UK71JG2027,india_old_private
plate_2826.jpg,NL87PF6556,india_hsrp_private
plate_2827.jpg,HP87HK9479,india_hsrp_commercial
plate_2828.jpg,CH34FU7773,india_hsrp_ev
plate_2829.jpg,MZ29RJ2895,india_old_private
plate_2830.jpg,AR12FG1657,india_old_private
plate_2831.jpg,JH12WK4029,india_hsrp_commercial
plate_2832.jpg,MZ17VL9391,india_old_private
plate_2833.jpg,JH94NV2736,india_old_private
plate_2834.jpg,PB08BJ4455,india_old_commercial
plate_2835.jpg,KL68SF4641,india_hsrp_ev
plate_2836.jpg,AR52WD6023,india_old_private
plate_2837.jpg,AS58LV5160,india_hsrp_private
plate_2838.jpg,MP82ST4264,india_hsrp_commercial
plate_2839.jpg,CH82NP6603,india_hsrp_private
plate_2840.jpg,WB38GA7729,india_hsrp_private
plate_2841.jpg,AR70HX4463,india_hsrp_ev
plate_2842.jpg,HP04EP5523,india_hsrp_private
plate_2843.jpg,OR54LD6996,india_hsrp_private
plate_2844.jpg,NY308MNP,foreign_us_generic
plate_2845.jpg,MP11HF5166,india_hsrp_private
plate_2846.jpg,AN86DJ8695,india_hsrp_commercial
plate_2847.jpg,MN76GN1401,india_hsrp_commercial
plate_2848.jpg,AN25WK5948,india_hsrp_commercial
plate_2849.jpg,RJ89JS4743,india_hsrp_private
plate_2850.jpg,SK90HB3764,india_hsrp_commercial
plate_2851.jpg,GH625MN,foreign_eu_generic
plate_2852.jpg,LD06KH6791,india_hsrp_private
plate_2853.jpg,JK68VT5104,india_old_private
plate_2854.jpg,RJ51DA3429,india_hsrp_private
plate_2855.jpg,TS31TK6659,india_hsrp_private
plate_2856.jpg,NL06KC6226,india_hsrp_private
plate_2857.jpg,EF12XYZ,foreign_uk_style
plate_2858.jpg,AS27HU1031,india_hsrp_private
plate_2859.jpg,OR25GY3037,india_hsrp_ev
plate_2860.jpg,AR14ZR7018,india_hsrp_commercial
plate_2861.jpg,CH25FC3932,india_hsrp_ev
plate_2862.jpg,BR97FM3463,india_hsrp_commercial
plate_2863.jpg,PY51ZK8524,india_hsrp_private
plate_2864.jpg,CD590MN,foreign_eu_generic
plate_2865.jpg,DL89ET9648,india_old_private
plate_2866.jpg,MH31GW9009,india_hsrp_ev
plate_2867.jpg,DN43FG1770,india_old_commercial
plate_2868.jpg,AP80UE6688,india_old_commercial
plate_2869.jpg,GJ18RW1917,india_hsrp_commercial
plate_2870.jpg,AS55KG4033,india_old_commercial
plate_2871.jpg,AB542MN,foreign_eu_generic
plate_2872.jpg,MZ46TG3304,india_old_private
plate_2873.jpg,DN17ZX8448,india_hsrp_commercial
plate_2874.jpg,ML21JF3211,india_old_private
plate_2875.jpg,NL68PZ7370,india_hsrp_private
plate_2876.jpg,PB99TR7712,india_hsrp_private
plate_2877.jpg,JH54UA2297,india_old_private
plate_2878.jpg,MH58BL4717,india_hsrp_private
plate_2879.jpg,NL82TE4538,india_old_commercial
plate_2880.jpg,AN58PD9203,india_old_private
plate_2881.jpg,89392,foreign_gulf_style
plate_2882.jpg,KL54FM2784,india_hsrp_private
plate_2883.jpg,LD07UB5076,india_hsrp_private
plate_2884.jpg,HP64LY9791,india_hsrp_private
plate_2885.jpg,MH34WH6183,india_hsrp_private
plate_2886.jpg,HR60XS2831,india_hsrp_commercial
plate_2887.jpg,HP96EZ3935,india_hsrp_private
plate_2888.jpg,JH08FZ9533,india_old_private
plate_2889.jpg,RJ10UM5427,india_hsrp_commercial
plate_2890.jpg,DN95PY8350,india_hsrp_commercial
plate_2891.jpg,BR75FS3035,india_hsrp_commercial
plate_2892.jpg,PY39YF7550,india_hsrp_private
plate_2893.jpg,34771,foreign_gulf_style
plate_2894.jpg,WB91VR8624,india_hsrp_private
plate_2895.jpg,AB14ABC,foreign_uk_style
plate_2896.jpg,AB92KLM,foreign_uk_style
plate_2897.jpg,JK38LA2042,india_hsrp_commercial
plate_2898.jpg,86720,foreign_gulf_style
plate_2899.jpg,AS33TH9826,india_hsrp_private
plate_2900.jpg,FL358ABC,foreign_us_generic
plate_2901.jpg,DD05VA3091,india_hsrp_private
plate_2902.jpg,TN73FM5933,india_hsrp_private
plate_2903.jpg,GA19NU9792,india_hsrp_private
plate_2904.jpg,KA17MT4995,india_hsrp_private
plate_2905.jpg,MZ39CM7879,india_old_private
plate_2906.jpg,GJ95ZM8392,india_old_private
plate_2907.jpg,KA22AS1227,india_hsrp_private
plate_2908.jpg,SK18BN3616,india_hsrp_private
plate_2909.jpg,TS14LR2948,india_old_commercial
plate_2910.jpg,HR19UN2242,india_old_commercial
plate_2911.jpg,EF267MN,foreign_eu_generic
plate_2912.jpg,TN88CN1148,india_hsrp_private
plate_2913.jpg,WB92WL1204,india_hsrp_private
plate_2914.jpg,TR44TF5502,india_hsrp_commercial
plate_2915.jpg,AR57YD7451,india_hsrp_private
plate_2916.jpg,WB09MJ9597,india_old_private
plate_2917.jpg,RJ80VE9080,india_hsrp_ev
plate_2918.jpg,LD19PK3457,india_hsrp_commercial
plate_2919.jpg,DN05KU6888,india_hsrp_ev
plate_2920.jpg,AB152KL,foreign_eu_generic
plate_2921.jpg,AP48PJ4248,india_old_private
plate_2922.jpg,CD16ABC,foreign_uk_style
plate_2923.jpg,SK17PE8932,india_hsrp_commercial
plate_2924.jpg,EF13KLM,foreign_uk_style
plate_2925.jpg,CD26KLM,foreign_uk_style
plate_2926.jpg,CA669XYZ,foreign_us_generic
plate_2927.jpg,TN66SY1123,india_hsrp_private
plate_2928.jpg,AB66ABC,foreign_uk_style
plate_2929.jpg,BR42YD9706,india_hsrp_commercial
plate_2930.jpg,OR90RB8476,india_hsrp_commercial
plate_2931.jpg,CH73WN7618,india_hsrp_private
plate_2932.jpg,ML96TT9569,india_hsrp_ev
plate_2933.jpg,BR90SS9075,india_old_commercial
plate_2934.jpg,PY55GH8074,india_hsrp_private
plate_2935.jpg,NL40DD4705,india_old_commercial
plate_2936.jpg,HR88BH7659,india_old_commercial
plate_2937.jpg,WB05JU4376,india_hsrp_private
plate_2938.jpg,OR49PE6254,india_hsrp_commercial
plate_2939.jpg,NL33AW3732,india_old_commercial
plate_2940.jpg,AS54LU7499,india_hsrp_commercial
plate_2941.jpg,83731,foreign_gulf_style
plate_2942.jpg,ML16JZ6972,india_old_commercial
plate_2943.jpg,MP88TS7624,india_old_commercial
plate_2944.jpg,TN16WD7133,india_old_ev
plate_2945.jpg,TX419ABC,foreign_us_generic
plate_2946.jpg,CD74ABC,foreign_uk_style
plate_2947.jpg,UP51TK9688,india_hsrp_private
plate_2948.jpg,AP36RN3656,india_old_commercial
plate_2949.jpg,TX921MNP,foreign_us_generic
plate_2950.jpg,OR19MZ9696,india_hsrp_private
plate_2951.jpg,AS57BU6899,india_hsrp_private
plate_2952.jpg,GA20VY2023,india_hsrp_private
plate_2953.jpg,JK57MV7293,india_old_commercial
plate_2954.jpg,AS86KP5635,india_hsrp_private
plate_2955.jpg,TN46UY1749,india_hsrp_ev
plate_2956.jpg,MZ79FE4464,india_old_ev
plate_2957.jpg,TS27MK4990,india_old_private
plate_2958.jpg,SK73HL7400,india_hsrp_commercial
plate_2959.jpg,KA12LZ9915,india_hsrp_private
plate_2960.jpg,KL33GW8086,india_hsrp_private
plate_2961.jpg,KL34EJ1351,india_hsrp_commercial
plate_2962.jpg,MN66ES8726,india_old_commercial
plate_2963.jpg,GA97EP7100,india_hsrp_private
plate_2964.jpg,TR94XY7844,india_old_private
plate_2965.jpg,SK53NG5140,india_hsrp_ev
plate_2966.jpg,NY747XYZ,foreign_us_generic
plate_2967.jpg,KA53UN2612,india_old_private
plate_2968.jpg,UP86SV8240,india_hsrp_commercial
plate_2969.jpg,TN32ED8264,india_hsrp_commercial
plate_2970.jpg,PY24RJ8120,india_hsrp_private
plate_2971.jpg,JK62WC2102,india_hsrp_private
plate_2972.jpg,AB150MN,foreign_eu_generic
plate_2973.jpg,LD22US5695,india_hsrp_private
plate_2974.jpg,GJ26ET4836,india_old_private
plate_2975.jpg,DD50HF1997,india_hsrp_private
plate_2976.jpg,HR91UW2972,india_hsrp_commercial
plate_2977.jpg,AR78ZH2877,india_hsrp_ev
plate_2978.jpg,OR54XG4637,india_hsrp_ev
plate_2979.jpg,CA230MNP,foreign_us_generic
plate_2980.jpg,HR85EU4451,india_old_commercial
plate_2981.jpg,WB27JY4149,india_old_commercial
plate_2982.jpg,OR07KR9721,india_old_commercial
plate_2983.jpg,LD47HS3320,india_hsrp_private
plate_2984.jpg,DN24ZM6415,india_hsrp_private
plate_2985.jpg,BR67XX9980,india_hsrp_private
plate_2986.jpg,MZ21LF3478,india_old_private
plate_2987.jpg,65966,foreign_gulf_style
plate_2988.jpg,HR59UB8168,india_old_commercial
plate_2989.jpg,AP44DW4465,india_old_private
plate_2990.jpg,OR87ZM2384,india_hsrp_commercial
plate_2991.jpg,GH520XY,foreign_eu_generic
plate_2992.jpg,NY125ABC,foreign_us_generic
plate_2993.jpg,DL26RA6947,india_old_private
plate_2994.jpg,DL92SV3739,india_old_private
plate_2995.jpg,MZ34JK5715,india_old_ev
plate_2996.jpg,76661,foreign_gulf_style
plate_2997.jpg,RJ05UR1132,india_hsrp_commercial
plate_2998.jpg,GA38WS2967,india_old_private
plate_2999.jpg,PY61XT7652,india_old_private
plate_3000.jpg,AN27BD7479,india_hsrp_private
plate_3001.jpg,SK96DV4303,india_hsrp_private
plate_3002.jpg,GA47CU4752,india_hsrp_private
plate_3003.jpg,DD10VE8913,india_hsrp_commercial
plate_3004.jpg,AS12RN2748,india_hsrp_private
plate_3005.jpg,HP83XE1932,india_old_private
plate_3006.jpg,LD67HR2325,india_hsrp_commercial
plate_3007.jpg,KA63ND1907,india_hsrp_private
plate_3008.jpg,JH12KK6899,india_hsrp_commercial
plate_3009.jpg,AR63PD2517,india_hsrp_ev
plate_3010.jpg,HR50SV3529,india_old_private
plate_3011.jpg,MP27WL5441,india_hsrp_private
plate_3012.jpg,SK10XU9662,india_hsrp_commercial
plate_3013.jpg,DL59KR5084,india_old_private
plate_3014.jpg,RJ60EG1926,india_hsrp_private
plate_3015.jpg,UK71YB5980,india_old_commercial
plate_3016.jpg,CA382MNP,foreign_us_generic
plate_3017.jpg,DD83EY9999,india_hsrp_commercial
plate_3018.jpg,AN51PF2943,india_old_private
plate_3019.jpg,JH88LR1468,india_hsrp_private
plate_3020.jpg,SK44FF5020,india_hsrp_private
plate_3021.jpg,BR40SF3456,india_hsrp_private
plate_3022.jpg,UP08DR8190,india_old_private
plate_3023.jpg,DD98PD4649,india_hsrp_private
plate_3024.jpg,GJ26RC6790,india_hsrp_commercial
plate_3025.jpg,MP28BM7545,india_old_private
plate_3026.jpg,BR04YS3997,india_hsrp_ev
plate_3027.jpg,TX132XYZ,foreign_us_generic
plate_3028.jpg,FL569ABC,foreign_us_generic
plate_3029.jpg,BR87TZ4379,india_hsrp_commercial
plate_3030.jpg,PB44RM4798,india_old_commercial
plate_3031.jpg,TR27FC7067,india_hsrp_private
plate_3032.jpg,BR31TC5750,india_hsrp_private
plate_3033.jpg,ML06LH6177,india_hsrp_commercial
plate_3034.jpg,UK58CV5102,india_hsrp_commercial
plate_3035.jpg,CD59XYZ,foreign_uk_style
plate_3036.jpg,JH78HC6819,india_hsrp_private
plate_3037.jpg,GA78EJ5184,india_hsrp_commercial
plate_3038.jpg,MH76TY6575,india_hsrp_private
plate_3039.jpg,KL50SG7103,india_old_private
plate_3040.jpg,AS10JD5277,india_hsrp_private
plate_3041.jpg,NL08TM3755,india_hsrp_commercial
plate_3042.jpg,KA09FL4615,india_hsrp_ev
plate_3043.jpg,AR76ER6248,india_hsrp_commercial
plate_3044.jpg,NL63LS2362,india_hsrp_private
plate_3045.jpg,MN69UH1852,india_hsrp_commercial
plate_3046.jpg,AP78SR7314,india_hsrp_commercial
plate_3047.jpg,GH685XY,foreign_eu_generic
plate_3048.jpg,HR51WU9192,india_old_private
plate_3049.jpg,LD04SK6463,india_hsrp_private
plate_3050.jpg,AR13XN1473,india_old_private
plate_3051.jpg,TR65CG3676,india_hsrp_private
plate_3052.jpg,AR30XP6741,india_hsrp_private
plate_3053.jpg,AS93YV8304,india_old_private
plate_3054.jpg,PY23DX8930,india_hsrp_private
plate_3055.jpg,BR55XJ4148,india_old_commercial
plate_3056.jpg,TX100MNP,foreign_us_generic
plate_3057.jpg,MN79SS6204,india_hsrp_private
plate_3058.jpg,RJ65VK9934,india_hsrp_commercial
plate_3059.jpg,TN93WU3933,india_hsrp_private
plate_3060.jpg,GA25RU7138,india_hsrp_private
plate_3061.jpg,TR53KZ8943,india_old_commercial
plate_3062.jpg,SK15PP6379,india_hsrp_private
plate_3063.jpg,SK84YU7794,india_hsrp_private
plate_3064.jpg,JH33WA5596,india_hsrp_commercial
plate_3065.jpg,AB35ABC,foreign_uk_style
plate_3066.jpg,AB350XY,foreign_eu_generic
plate_3067.jpg,ML29SS4929,india_old_private
plate_3068.jpg,CD248KL,foreign_eu_generic
plate_3069.jpg,TS68TZ7367,india_hsrp_commercial
plate_3070.jpg,GA07EP6055,india_old_private
plate_3071.jpg,NY564MNP,foreign_us_generic
plate_3072.jpg,WB05GB1300,india_hsrp_commercial
plate_3073.jpg,FL712XYZ,foreign_us_generic
plate_3074.jpg,UP34ZX1490,india_old_private
plate_3075.jpg,TX635MNP,foreign_us_generic
plate_3076.jpg,KL26AG6842,india_old_private
plate_3077.jpg,SK24AR8245,india_hsrp_private
plate_3078.jpg,KA29KH6376,india_old_commercial
plate_3079.jpg,OR81ZV9692,india_old_private
plate_3080.jpg,73265,foreign_gulf_style
plate_3081.jpg,AR08RV5940,india_old_commercial
plate_3082.jpg,CH41YU1966,india_hsrp_private
plate_3083.jpg,KA34ZD6687,india_hsrp_commercial
plate_3084.jpg,TS51XE3210,india_hsrp_private
plate_3085.jpg,TN60AL8160,india_hsrp_commercial
plate_3086.jpg,JH57RS7900,india_hsrp_private
plate_3087.jpg,DD69LP7222,india_old_commercial
plate_3088.jpg,UK98LM7792,india_hsrp_private
plate_3089.jpg,TS11JV3234,india_hsrp_private
plate_3090.jpg,GA41RV8964,india_hsrp_private
plate_3091.jpg,DL76XF8734,india_old_ev
plate_3092.jpg,PB53CU4305,india_old_ev
plate_3093.jpg,WB64RW3909,india_hsrp_private
plate_3094.jpg,DL66FJ9445,india_old_commercial
plate_3095.jpg,SK86KY2350,india_hsrp_commercial
plate_3096.jpg,CH41MD2776,india_hsrp_commercial
plate_3097.jpg,NL53DZ8288,india_old_private
plate_3098.jpg,CH97VV4400,india_hsrp_ev
plate_3099.jpg,ML93NT1788,india_hsrp_private
plate_3100.jpg,EF61KLM,foreign_uk_style
plate_3101.jpg,RJ70WK1871,india_hsrp_private
plate_3102.jpg,TR09CU6092,india_hsrp_commercial
plate_3103.jpg,ML50KU6799,india_old_commercial
plate_3104.jpg,GA03MU4840,india_hsrp_private
plate_3105.jpg,DL73AE4901,india_hsrp_private
plate_3106.jpg,JK23FA5936,india_hsrp_commercial
plate_3107.jpg,GA60KN3242,india_hsrp_private
plate_3108.jpg,CA332XYZ,foreign_us_generic
plate_3109.jpg,MN96JG5202,india_hsrp_private
plate_3110.jpg,SK48XU7561,india_hsrp_private
plate_3111.jpg,TR47EP6511,india_hsrp_commercial
plate_3112.jpg,MZ66AF4800,india_hsrp_private
plate_3113.jpg,WB22SA8924,india_hsrp_ev
plate_3114.jpg,NL12PH9471,india_hsrp_private
plate_3115.jpg,TN75WD1076,india_old_commercial
plate_3116.jpg,MP01RZ7870,india_hsrp_private
plate_3117.jpg,OR83UP8070,india_hsrp_private
plate_3118.jpg,MZ78AA7653,india_old_commercial
plate_3119.jpg,PY64TA6529,india_hsrp_private
plate_3120.jpg,HP91XV5935,india_old_commercial
plate_3121.jpg,71928,foreign_gulf_style
plate_3122.jpg,PY73KL4439,india_hsrp_private
plate_3123.jpg,RJ32CZ4740,india_old_private
plate_3124.jpg,WB98VN8225,india_old_private
plate_3125.jpg,MP02SP1633,india_old_ev
plate_3126.jpg,CD15ABC,foreign_uk_style
plate_3127.jpg,NY950ABC,foreign_us_generic
plate_3128.jpg,MP69BE2147,india_hsrp_private
plate_3129.jpg,UP35FE6024,india_hsrp_private
plate_3130.jpg,MZ44EA8655,india_hsrp_private
plate_3131.jpg,PB27VD3630,india_hsrp_private
plate_3132.jpg,RJ71EL1272,india_old_commercial
plate_3133.jpg,MZ53BD7168,india_hsrp_private
plate_3134.jpg,AN59DZ8607,india_hsrp_commercial
plate_3135.jpg,DD82CX6621,india_hsrp_private
plate_3136.jpg,SK68VH5576,india_hsrp_private
plate_3137.jpg,ML11RG2801,india_hsrp_commercial
plate_3138.jpg,ML61HF5784,india_hsrp_private
plate_3139.jpg,LD59MU9172,india_old_private
plate_3140.jpg,KA49JU4885,india_old_private
plate_3141.jpg,NL79DZ9225,india_hsrp_private
plate_3142.jpg,UK55VF2697,india_hsrp_commercial
plate_3143.jpg,BR95JW7107,india_hsrp_private
plate_3144.jpg,ML03EE6875,india_old_private
plate_3145.jpg,HP82LH4236,india_hsrp_private
plate_3146.jpg,AR48SE6350,india_old_ev
plate_3147.jpg,TS87LP6229,india_old_private
plate_3148.jpg,HP74BC8258,india_hsrp_private
plate_3149.jpg,AN80AV9702,india_old_private
plate_3150.jpg,PB50GW7502,india_hsrp_ev
plate_3151.jpg,GA63SG6869,india_hsrp_private
plate_3152.jpg,LD61HV2796,india_hsrp_private
plate_3153.jpg,MH38MC8068,india_old_private
plate_3154.jpg,AP39ZN3946,india_hsrp_commercial
plate_3155.jpg,TX376MNP,foreign_us_generic
plate_3156.jpg,JH42PU2754,india_hsrp_private
plate_3157.jpg,WB35WE2684,india_hsrp_ev
plate_3158.jpg,JK17KA7281,india_hsrp_private
plate_3159.jpg,MH55CZ3032,india_hsrp_private
plate_3160.jpg,AR24KK4245,india_hsrp_ev
plate_3161.jpg,RJ34XS8157,india_hsrp_private
plate_3162.jpg,TN02UB4363,india_hsrp_private
plate_3163.jpg,UP61MM5629,india_hsrp_private
plate_3164.jpg,HR88FH8224,india_hsrp_private
plate_3165.jpg,KA64KR4385,india_old_commercial
plate_3166.jpg,DD22DN4630,india_hsrp_commercial
plate_3167.jpg,AS34UM8861,india_hsrp_private
plate_3168.jpg,TN41CZ7578,india_hsrp_commercial
plate_3169.jpg,TR15ZD3893,india_hsrp_private
plate_3170.jpg,WB31PC1718,india_hsrp_commercial
plate_3171.jpg,GA33PC1261,india_old_private
plate_3172.jpg,HR27CU6884,india_hsrp_ev
plate_3173.jpg,WB83NL4226,india_hsrp_private
plate_3174.jpg,DN31DX3793,india_hsrp_commercial
plate_3175.jpg,PY22GT2281,india_old_ev
plate_3176.jpg,PY22SG8237,india_old_commercial
plate_3177.jpg,DN73SM5938,india_hsrp_ev
plate_3178.jpg,AR83NS4780,india_hsrp_private
plate_3179.jpg,MP53SC1258,india_hsrp_private
plate_3180.jpg,HP75WP3936,india_hsrp_private
plate_3181.jpg,RJ09FD8331,india_old_private
plate_3182.jpg,GH492KL,foreign_eu_generic
plate_3183.jpg,DL56NR8861,india_hsrp_private
plate_3184.jpg,NY269MNP,foreign_us_generic
plate_3185.jpg,DD22RK6367,india_old_private
plate_3186.jpg,BR56RA8082,india_old_commercial
plate_3187.jpg,ML65VP7218,india_hsrp_commercial
plate_3188.jpg,MH47GM4364,india_hsrp_commercial
plate_3189.jpg,HR74BH8243,india_old_private
plate_3190.jpg,NL20GB3786,india_hsrp_commercial
plate_3191.jpg,UP60SM3134,india_hsrp_commercial
plate_3192.jpg,OR54KJ2086,india_hsrp_private
plate_3193.jpg,CH54JH1021,india_old_commercial
plate_3194.jpg,MZ13FH6722,india_hsrp_private
plate_3195.jpg,MP05DM6362,india_hsrp_commercial
plate_3196.jpg,DN73FK3533,india_hsrp_commercial
plate_3197.jpg,SK67PP6787,india_hsrp_private
plate_3198.jpg,TN91TE8683,india_old_ev
plate_3199.jpg,EF106MN,foreign_eu_generic
plate_3200.jpg,HR60SJ8476,india_hsrp_commercial
plate_3201.jpg,DD17ZE5915,india_hsrp_private
plate_3202.jpg,PB61FM5783,india_hsrp_commercial
plate_3203.jpg,AS63AJ3717,india_hsrp_private
plate_3204.jpg,RJ13TT6878,india_old_commercial
plate_3205.jpg,TN58PN1726,india_hsrp_private
plate_3206.jpg,DL71CC7974,india_hsrp_private
plate_3207.jpg,AN21YS4558,india_hsrp_commercial
plate_3208.jpg,MH56GY5994,india_hsrp_private
plate_3209.jpg,CD25KLM,foreign_uk_style
plate_3210.jpg,UP09FE1327,india_old_private
plate_3211.jpg,AS78KA5044,india_hsrp_commercial
plate_3212.jpg,LD49AV5343,india_old_commercial
plate_3213.jpg,OR34TX4285,india_old_private
plate_3214.jpg,HP54NJ7669,india_hsrp_private
plate_3215.jpg,GJ70BW5252,india_old_private
plate_3216.jpg,ML95KC9551,india_old_private
plate_3217.jpg,DL82XN4413,india_old_private
plate_3218.jpg,GJ59DK7648,india_hsrp_commercial
plate_3219.jpg,ML57KS8849,india_hsrp_commercial
plate_3220.jpg,DL85ZY4149,india_hsrp_private
plate_3221.jpg,NL70UP8257,india_hsrp_private
plate_3222.jpg,46244,foreign_gulf_style
plate_3223.jpg,OR57CJ4359,india_old_ev
plate_3224.jpg,NL57ZE9204,india_hsrp_private
plate_3225.jpg,DN96TH8103,india_old_ev
plate_3226.jpg,AB81XYZ,foreign_uk_style
plate_3227.jpg,WB48HR3360,india_old_private
plate_3228.jpg,UK44WF2361,india_old_commercial
plate_3229.jpg,DD10LP4501,india_hsrp_private
plate_3230.jpg,DL59DN2773,india_old_private
plate_3231.jpg,TN71DX5442,india_hsrp_private
plate_3232.jpg,MH87YV6293,india_old_private
plate_3233.jpg,GH557KL,foreign_eu_generic
plate_3234.jpg,AB382MN,foreign_eu_generic
plate_3235.jpg,KL23YK1674,india_hsrp_commercial
plate_3236.jpg,GJ67FY9915,india_old_private
plate_3237.jpg,72199,foreign_gulf_style
plate_3238.jpg,AB16XYZ,foreign_uk_style
plate_3239.jpg,MH10CT3778,india_hsrp_commercial
plate_3240.jpg,UK55DU1941,india_hsrp_private
plate_3241.jpg,OR46HJ6004,india_old_private
plate_3242.jpg,UK27YL1897,india_hsrp_private
plate_3243.jpg,TR93LY9441,india_hsrp_commercial
plate_3244.jpg,GA39EA9516,india_old_private
plate_3245.jpg,JH74DA7127,india_old_private
plate_3246.jpg,LD90XB9952,india_hsrp_commercial
plate_3247.jpg,NL54FC8974,india_old_commercial
plate_3248.jpg,AS87TN3319,india_old_commercial
plate_3249.jpg,JH87BB1662,india_old_commercial
plate_3250.jpg,OR55UE1219,india_hsrp_private
plate_3251.jpg,HR03VG8915,india_old_private
plate_3252.jpg,UK23KF8520,india_hsrp_private
plate_3253.jpg,BR25NS1461,india_hsrp_ev
plate_3254.jpg,DD84GB8115,india_hsrp_commercial
plate_3255.jpg,MZ56FM6260,india_hsrp_private
plate_3256.jpg,GH298KL,foreign_eu_generic
plate_3257.jpg,JK67RN7660,india_hsrp_private
plate_3258.jpg,HR03RJ3065,india_hsrp_private
plate_3259.jpg,NY777XYZ,foreign_us_generic
plate_3260.jpg,DL40UP7749,india_old_private
plate_3261.jpg,JK73XR6094,india_hsrp_ev
plate_3262.jpg,AR02MU4327,india_hsrp_commercial
plate_3263.jpg,PY19UR2737,india_hsrp_commercial
plate_3264.jpg,GA63GY2575,india_hsrp_private
plate_3265.jpg,NL64NA7898,india_old_private
plate_3266.jpg,TR69JB5911,india_hsrp_private
plate_3267.jpg,TS71BM8359,india_hsrp_private
plate_3268.jpg,KA91LK6870,india_old_private
plate_3269.jpg,TS78VS6462,india_old_commercial
plate_3270.jpg,MZ95MD6160,india_hsrp_private
plate_3271.jpg,CH20UD8969,india_hsrp_commercial
plate_3272.jpg,22473,foreign_gulf_style
plate_3273.jpg,GA38TU5083,india_hsrp_ev
plate_3274.jpg,AB81XYZ,foreign_uk_style
plate_3275.jpg,AR93UL3869,india_hsrp_private
plate_3276.jpg,JH14DP3221,india_hsrp_commercial
plate_3277.jpg,EF13KLM,foreign_uk_style
plate_3278.jpg,UK41GT3175,india_hsrp_private
plate_3279.jpg,MP05AH8358,india_old_private
plate_3280.jpg,HR28MS6365,india_hsrp_private
plate_3281.jpg,UP55MU9102,india_old_private
plate_3282.jpg,NL04HD6980,india_hsrp_commercial
plate_3283.jpg,WB14TP7784,india_old_private
plate_3284.jpg,TN52LD5764,india_old_ev
plate_3285.jpg,ML53YD4304,india_hsrp_private
plate_3286.jpg,MP85TV5138,india_hsrp_private
plate_3287.jpg,GJ63TR7668,india_old_commercial
plate_3288.jpg,EF252KL,foreign_eu_generic
plate_3289.jpg,SK19GW4320,india_hsrp_ev
plate_3290.jpg,BR19GU2898,india_hsrp_private
plate_3291.jpg,JH85FN4327,india_hsrp_private
plate_3292.jpg,TN49HZ5244,india_hsrp_private
plate_3293.jpg,PY49SH4497,india_hsrp_private
plate_3294.jpg,TN58GA3282,india_old_ev
plate_3295.jpg,CH77WR5748,india_hsrp_ev
plate_3296.jpg,AS55UW4389,india_hsrp_commercial
plate_3297.jpg,BR67TP5298,india_old_private
plate_3298.jpg,CD91KLM,foreign_uk_style
plate_3299.jpg,WB58JP7510,india_hsrp_private
plate_3300.jpg,AP12VW2029,india_hsrp_private
plate_3301.jpg,AP17UG6716,india_hsrp_private
plate_3302.jpg,TS56CB4824,india_hsrp_commercial
plate_3303.jpg,ML12KX7223,india_hsrp_private
plate_3304.jpg,CD68ABC,foreign_uk_style
plate_3305.jpg,UK68PR9953,india_hsrp_commercial
plate_3306.jpg,57234,foreign_gulf_style
plate_3307.jpg,AR58TS8993,india_old_private
plate_3308.jpg,ML17AL2060,india_hsrp_commercial
plate_3309.jpg,CD14ABC,foreign_uk_style
plate_3310.jpg,AN17KP6166,india_old_private
plate_3311.jpg,LD08VB4330,india_old_private
plate_3312.jpg,AS75LT8726,india_hsrp_private
plate_3313.jpg,LD86PD6028,india_old_private
plate_3314.jpg,AN17PZ9000,india_hsrp_commercial
plate_3315.jpg,GJ27HM5609,india_hsrp_commercial
plate_3316.jpg,TS48VL8103,india_hsrp_ev
plate_3317.jpg,UK37BZ3873,india_hsrp_commercial
plate_3318.jpg,BR51FM4387,india_hsrp_commercial
plate_3319.jpg,JH04TY7234,india_hsrp_commercial
plate_3320.jpg,DN07LD1099,india_hsrp_private
plate_3321.jpg,DL41FT7256,india_old_private
plate_3322.jpg,TS36HE2141,india_old_commercial
plate_3323.jpg,EF395MN,foreign_eu_generic
plate_3324.jpg,HP50UG4273,india_hsrp_private
plate_3325.jpg,OR32VL1814,india_hsrp_private
plate_3326.jpg,KA20JT8213,india_hsrp_commercial
plate_3327.jpg,MP76DF6424,india_hsrp_private
plate_3328.jpg,DD97DD9242,india_old_commercial
plate_3329.jpg,LD16AY1736,india_hsrp_private
plate_3330.jpg,PY54PS9353,india_old_commercial
plate_3331.jpg,PB52JV1079,india_hsrp_private
plate_3332.jpg,PY93ZX6316,india_hsrp_commercial
plate_3333.jpg,MP53RH8978,india_old_private
plate_3334.jpg,CD34XYZ,foreign_uk_style
plate_3335.jpg,MN25VE7752,india_hsrp_private
plate_3336.jpg,34657,foreign_gulf_style
plate_3337.jpg,OR93NU8972,india_hsrp_private
plate_3338.jpg,KA74LC8206,india_old_ev
plate_3339.jpg,CD172KL,foreign_eu_generic
plate_3340.jpg,54301,foreign_gulf_style
plate_3341.jpg,HR79ZP2498,india_hsrp_commercial
plate_3342.jpg,UP39VF7437,india_hsrp_private
plate_3343.jpg,WB30CD8652,india_hsrp_private
plate_3344.jpg,OR02HW6109,india_hsrp_private
plate_3345.jpg,AR74YL1620,india_hsrp_private
plate_3346.jpg,PB77LT2751,india_hsrp_private
plate_3347.jpg,AN03WU6934,india_hsrp_private
plate_3348.jpg,DD56AT6099,india_hsrp_commercial
plate_3349.jpg,SK57KM7765,india_hsrp_commercial
plate_3350.jpg,MP97EB3764,india_hsrp_ev
plate_3351.jpg,UP04TG7933,india_hsrp_private
plate_3352.jpg,OR74XX3357,india_old_ev
plate_3353.jpg,HP98ZG1264,india_hsrp_private
plate_3354.jpg,UP81MB3360,india_hsrp_commercial
plate_3355.jpg,91407,foreign_gulf_style
plate_3356.jpg,NL66LL3749,india_hsrp_private
plate_3357.jpg,PB94NJ7684,india_hsrp_private
plate_3358.jpg,RJ85JJ5919,india_hsrp_commercial
plate_3359.jpg,AS48ZC5984,india_hsrp_commercial
plate_3360.jpg,CD62KLM,foreign_uk_style
plate_3361.jpg,DL98GL9205,india_old_private
plate_3362.jpg,AP95WL8493,india_hsrp_private
plate_3363.jpg,PB14UP7375,india_hsrp_commercial
plate_3364.jpg,HR88AY2327,india_hsrp_commercial
plate_3365.jpg,CH48BP3178,india_hsrp_private
plate_3366.jpg,BR33EU9582,india_hsrp_ev
plate_3367.jpg,OR14BX7511,india_old_private
plate_3368.jpg,TX821ABC,foreign_us_generic
plate_3369.jpg,LD72RE4076,india_hsrp_private
plate_3370.jpg,NY439XYZ,foreign_us_generic
plate_3371.jpg,DN38GH3607,india_hsrp_commercial
plate_3372.jpg,AR26EA7084,india_old_commercial
plate_3373.jpg,ML95WR8905,india_hsrp_private
plate_3374.jpg,GH638MN,foreign_eu_generic
plate_3375.jpg,RJ94TH5686,india_hsrp_private
plate_3376.jpg,SK79EU5176,india_hsrp_commercial
plate_3377.jpg,UK23GL3494,india_old_commercial
plate_3378.jpg,AN34CC6685,india_hsrp_private
plate_3379.jpg,NY141ABC,foreign_us_generic
plate_3380.jpg,HR19HR5690,india_hsrp_private
plate_3381.jpg,AN03PN2242,india_hsrp_commercial
plate_3382.jpg,UK35VA1449,india_old_private
plate_3383.jpg,UK99JX3157,india_hsrp_commercial
plate_3384.jpg,CH08LG9652,india_hsrp_private
plate_3385.jpg,MP71SY6166,india_hsrp_ev
plate_3386.jpg,UP34NB3819,india_hsrp_commercial
plate_3387.jpg,TN49SS9685,india_hsrp_private
plate_3388.jpg,DL96TG7970,india_hsrp_private
plate_3389.jpg,AP36KB5798,india_hsrp_commercial
plate_3390.jpg,MZ40RZ8020,india_hsrp_commercial
plate_3391.jpg,CD726MN,foreign_eu_generic
plate_3392.jpg,TS20TV9355,india_hsrp_private
plate_3393.jpg,PB53DM2057,india_hsrp_commercial
plate_3394.jpg,OR25XZ4684,india_old_commercial
plate_3395.jpg,KL44ZY6293,india_hsrp_private
plate_3396.jpg,82724,foreign_gulf_style
plate_3397.jpg,MH32XA3877,india_old_private
plate_3398.jpg,ML89BU7982,india_hsrp_commercial
plate_3399.jpg,BR08GT5681,india_hsrp_private
plate_3400.jpg,SK94LM1246,india_hsrp_private
plate_3401.jpg,MZ41XW8908,india_hsrp_ev
plate_3402.jpg,AP88JE7198,india_hsrp_commercial
plate_3403.jpg,55870,foreign_gulf_style
plate_3404.jpg,UK43WN2843,india_hsrp_ev
plate_3405.jpg,SK57TZ9092,india_hsrp_ev
plate_3406.jpg,JK35CY2478,india_old_private
plate_3407.jpg,RJ99PV7227,india_hsrp_private
plate_3408.jpg,GJ58MB3995,india_hsrp_private
plate_3409.jpg,TR03XP7825,india_hsrp_commercial
plate_3410.jpg,MP52KT8095,india_hsrp_private
plate_3411.jpg,DD38GP8997,india_hsrp_commercial
plate_3412.jpg,PY40DM7049,india_hsrp_commercial
plate_3413.jpg,MH48HF5004,india_old_ev
plate_3414.jpg,TR67ZN8083,india_old_commercial
plate_3415.jpg,AB48ABC,foreign_uk_style
plate_3416.jpg,GA72ZE7023,india_old_commercial
plate_3417.jpg,TN26VA6381,india_old_private
plate_3418.jpg,LD94RL7453,india_hsrp_private
plate_3419.jpg,WB90UB5016,india_hsrp_private
plate_3420.jpg,MH82LH7946,india_hsrp_commercial
plate_3421.jpg,TN21DS7850,india_hsrp_commercial
plate_3422.jpg,OR88BH4799,india_hsrp_commercial
plate_3423.jpg,DD62ST1204,india_old_ev
plate_3424.jpg,AN47PM2543,india_hsrp_commercial
plate_3425.jpg,TN63XR9710,india_hsrp_private
plate_3426.jpg,GJ03ZP1528,india_hsrp_private
plate_3427.jpg,MH80FB8051,india_hsrp_private
plate_3428.jpg,BR16PW1550,india_old_private
plate_3429.jpg,HR81UC9673,india_old_ev
plate_3430.jpg,AN23BE3205,india_hsrp_commercial
plate_3431.jpg,AN36GD2839,india_hsrp_private
plate_3432.jpg,AB617KL,foreign_eu_generic
plate_3433.jpg,PB30GY4243,india_hsrp_private
plate_3434.jpg,OR42UU9485,india_hsrp_private
plate_3435.jpg,50099,foreign_gulf_style
plate_3436.jpg,GA27RC3582,india_hsrp_private
plate_3437.jpg,81344,foreign_gulf_style
plate_3438.jpg,DL22ZR1406,india_hsrp_private
plate_3439.jpg,CH71XN7179,india_hsrp_private
plate_3440.jpg,MH52WA4618,india_hsrp_private
plate_3441.jpg,BR51AU2880,india_hsrp_commercial
plate_3442.jpg,AR90NT1857,india_hsrp_private
plate_3443.jpg,TN63WX3717,india_hsrp_private
plate_3444.jpg,JK24RW2392,india_hsrp_private
plate_3445.jpg,PY96KL1557,india_old_private
plate_3446.jpg,JK54RZ6501,india_hsrp_commercial
plate_3447.jpg,GA66KT5629,india_hsrp_private
plate_3448.jpg,EF783MN,foreign_eu_generic
plate_3449.jpg,SK89DP3842,india_hsrp_private
plate_3450.jpg,DD47XN9472,india_hsrp_private
plate_3451.jpg,MH68JG7410,india_hsrp_commercial
plate_3452.jpg,EF40XYZ,foreign_uk_style
plate_3453.jpg,MN03CU4839,india_old_private
plate_3454.jpg,PY84HK8188,india_hsrp_private
plate_3455.jpg,CH01LM1230,india_old_private
plate_3456.jpg,TN78EM7649,india_hsrp_private
plate_3457.jpg,WB41WG7841,india_hsrp_commercial
plate_3458.jpg,AB384XY,foreign_eu_generic
plate_3459.jpg,TN75HV4534,india_hsrp_commercial
plate_3460.jpg,PB63VV5467,india_hsrp_commercial
plate_3461.jpg,AB79KLM,foreign_uk_style
plate_3462.jpg,GA10ZW4762,india_hsrp_commercial
plate_3463.jpg,GA78GH2935,india_hsrp_commercial
plate_3464.jpg,BR49MD5148,india_old_private
plate_3465.jpg,MN59VG7575,india_hsrp_private
plate_3466.jpg,AB261XY,foreign_eu_generic
plate_3467.jpg,DN16YM4847,india_hsrp_private
plate_3468.jpg,AS47PN6013,india_old_commercial
plate_3469.jpg,MH78JW6793,india_hsrp_commercial
plate_3470.jpg,GJ65VG8390,india_old_commercial
plate_3471.jpg,MN92LH9963,india_hsrp_commercial
plate_3472.jpg,DN84XM1711,india_hsrp_commercial
plate_3473.jpg,47937,foreign_gulf_style
plate_3474.jpg,DD94WH8979,india_old_commercial
plate_3475.jpg,CH87PP1627,india_hsrp_private
plate_3476.jpg,JH59JB8007,india_old_commercial
plate_3477.jpg,MH91RZ9293,india_hsrp_private
plate_3478.jpg,JK10YZ4182,india_hsrp_private
plate_3479.jpg,KA81NJ6971,india_hsrp_ev
plate_3480.jpg,RJ75GS9412,india_old_private
plate_3481.jpg,DN38RU6624,india_hsrp_private
plate_3482.jpg,MZ61YT4054,india_hsrp_commercial
plate_3483.jpg,AB44ABC,foreign_uk_style
plate_3484.jpg,MZ80DP9851,india_hsrp_private
plate_3485.jpg,GJ99AP7927,india_hsrp_commercial
plate_3486.jpg,GJ14GD4319,india_hsrp_private
plate_3487.jpg,UK47MX7949,india_hsrp_commercial
plate_3488.jpg,HP70YD7562,india_hsrp_private
plate_3489.jpg,KL09RK7950,india_hsrp_commercial
plate_3490.jpg,TS98CK6464,india_hsrp_private
plate_3491.jpg,JH05WP8823,india_hsrp_private
plate_3492.jpg,CA460XYZ,foreign_us_generic
plate_3493.jpg,TS53PD1661,india_hsrp_private
plate_3494.jpg,DL08VR6522,india_hsrp_commercial
plate_3495.jpg,AR99CF6916,india_old_private
plate_3496.jpg,UP86PM2387,india_hsrp_private
plate_3497.jpg,DD32BT3079,india_hsrp_private
plate_3498.jpg,UP20CG3315,india_hsrp_ev
plate_3499.jpg,GA90SR4100,india_hsrp_private
plate_3500.jpg,TS77WW7752,india_hsrp_ev
plate_3501.jpg,HR92YD5163,india_hsrp_private
plate_3502.jpg,DD90CG8274,india_hsrp_private
plate_3503.jpg,MZ46VF3210,india_hsrp_commercial
plate_3504.jpg,AS71VS4072,india_old_private
plate_3505.jpg,MZ92CX1843,india_hsrp_private
plate_3506.jpg,UK56YD1974,india_hsrp_private
plate_3507.jpg,GJ10NR7994,india_old_private
plate_3508.jpg,UK53NH5817,india_hsrp_private
plate_3509.jpg,MP92VH1363,india_hsrp_private
plate_3510.jpg,AB30KLM,foreign_uk_style
plate_3511.jpg,CH05BE8362,india_hsrp_ev
plate_3512.jpg,CA636MNP,foreign_us_generic
plate_3513.jpg,MP01XF8834,india_hsrp_ev
plate_3514.jpg,SK65LE9080,india_hsrp_private
plate_3515.jpg,RJ53SM7294,india_hsrp_private
plate_3516.jpg,MH56TH2758,india_hsrp_commercial
plate_3517.jpg,LD49HS6374,india_hsrp_private
plate_3518.jpg,TN67ZN1435,india_hsrp_ev
plate_3519.jpg,PY65HX4207,india_hsrp_private
plate_3520.jpg,LD55VK2910,india_hsrp_private
plate_3521.jpg,KA47ZW6548,india_hsrp_private
plate_3522.jpg,LD19GR9761,india_old_private
plate_3523.jpg,41672,foreign_gulf_style
plate_3524.jpg,ML36PE9627,india_hsrp_commercial
plate_3525.jpg,TR66YF8461,india_hsrp_private
plate_3526.jpg,HR68HZ3844,india_hsrp_private
plate_3527.jpg,LD65SA4979,india_hsrp_ev
plate_3528.jpg,TN32BN6411,india_hsrp_private
plate_3529.jpg,NL86LP6248,india_hsrp_private
plate_3530.jpg,AR59TE1059,india_hsrp_private
plate_3531.jpg,KA95EH8183,india_old_commercial
plate_3532.jpg,AN03TR6145,india_hsrp_commercial
plate_3533.jpg,CD680KL,foreign_eu_generic
plate_3534.jpg,TX653XYZ,foreign_us_generic
plate_3535.jpg,GJ61HS7955,india_hsrp_ev
plate_3536.jpg,JK67FN3018,india_hsrp_private
plate_3537.jpg,KL19LA7095,india_old_commercial
plate_3538.jpg,DN48XA5613,india_hsrp_private
plate_3539.jpg,ML15GJ1531,india_old_private
plate_3540.jpg,DN74AK1656,india_old_private
plate_3541.jpg,RJ93YZ6228,india_hsrp_private
plate_3542.jpg,84848,foreign_gulf_style
plate_3543.jpg,GJ39FM2193,india_hsrp_private
plate_3544.jpg,CD648XY,foreign_eu_generic
plate_3545.jpg,NL86ZW5355,india_hsrp_private
plate_3546.jpg,59339,foreign_gulf_style
plate_3547.jpg,TX827XYZ,foreign_us_generic
plate_3548.jpg,FL866XYZ,foreign_us_generic
plate_3549.jpg,ML41NH2364,india_old_private
plate_3550.jpg,EF302MN,foreign_eu_generic
plate_3551.jpg,ML67AT8253,india_hsrp_commercial
plate_3552.jpg,SK98BB5509,india_old_ev
plate_3553.jpg,CH05HK6126,india_hsrp_ev
plate_3554.jpg,AS72JX6133,india_hsrp_commercial
plate_3555.jpg,SK15RX5478,india_hsrp_commercial
plate_3556.jpg,JH90AT4118,india_hsrp_commercial
plate_3557.jpg,WB01NL7667,india_old_private
plate_3558.jpg,CD68KLM,foreign_uk_style
plate_3559.jpg,UP10JG2778,india_hsrp_private
plate_3560.jpg,MH07DJ1631,india_old_private
plate_3561.jpg,BR07XR2817,india_hsrp_private
plate_3562.jpg,TS72XP1985,india_hsrp_private
plate_3563.jpg,TN84HX6660,india_hsrp_commercial
plate_3564.jpg,WB97YH4114,india_hsrp_private
plate_3565.jpg,CD72XYZ,foreign_uk_style
plate_3566.jpg,CH80UF5692,india_hsrp_private
plate_3567.jpg,MP01HB4622,india_hsrp_commercial
plate_3568.jpg,WB17EB9118,india_hsrp_private
plate_3569.jpg,KA95PY4125,india_old_private
plate_3570.jpg,GJ78LA2229,india_old_commercial
plate_3571.jpg,AN43WN1007,india_hsrp_commercial
plate_3572.jpg,RJ83KJ2995,india_old_private
plate_3573.jpg,AN07CK3413,india_hsrp_ev
plate_3574.jpg,WB26EL3003,india_hsrp_commercial
plate_3575.jpg,JK63GE7517,india_hsrp_private
plate_3576.jpg,ML95WH5788,india_hsrp_commercial
plate_3577.jpg,MP12WC9601,india_old_private
plate_3578.jpg,DD69ZF1966,india_hsrp_private
plate_3579.jpg,16536,foreign_gulf_style
plate_3580.jpg,TR05AW6078,india_old_ev
plate_3581.jpg,65768,foreign_gulf_style
plate_3582.jpg,72840,foreign_gulf_style
plate_3583.jpg,UK27XF3271,india_hsrp_private
plate_3584.jpg,GA49TM6599,india_old_private
plate_3585.jpg,HR77WV8164,india_hsrp_private
plate_3586.jpg,AP70RS8352,india_old_commercial
plate_3587.jpg,SK69ET9690,india_old_private
plate_3588.jpg,HR71CK5160,india_hsrp_commercial
plate_3589.jpg,TS55UR8401,india_old_private
plate_3590.jpg,GH366XY,foreign_eu_generic
plate_3591.jpg,HP87NL7627,india_old_commercial
plate_3592.jpg,TN58FB5956,india_old_private
plate_3593.jpg,MH03EW9213,india_hsrp_commercial
plate_3594.jpg,AN96WH5671,india_hsrp_private
plate_3595.jpg,MN88LJ8082,india_hsrp_commercial
plate_3596.jpg,TR45JT8674,india_hsrp_commercial
plate_3597.jpg,JK21YJ1830,india_hsrp_ev
plate_3598.jpg,DD42GM7003,india_hsrp_private
plate_3599.jpg,PB08UX8632,india_old_private
plate_3600.jpg,PY94RP3233,india_hsrp_private
plate_3601.jpg,FL789MNP,foreign_us_generic
plate_3602.jpg,SK79HD5535,india_hsrp_commercial
plate_3603.jpg,AS09NE3735,india_old_private
plate_3604.jpg,KA99PP2943,india_hsrp_commercial
plate_3605.jpg,UK27GS9017,india_old_private
plate_3606.jpg,22407,foreign_gulf_style
plate_3607.jpg,EF44ABC,foreign_uk_style
plate_3608.jpg,LD31YC9980,india_hsrp_commercial
plate_3609.jpg,HP10CU4502,india_hsrp_commercial
plate_3610.jpg,AB463XY,foreign_eu_generic
plate_3611.jpg,TX376ABC,foreign_us_generic
plate_3612.jpg,LD19SU9921,india_hsrp_private
plate_3613.jpg,CD91KLM,foreign_uk_style
plate_3614.jpg,KL90TL5657,india_hsrp_private
plate_3615.jpg,13252,foreign_gulf_style
plate_3616.jpg,UK70PK9007,india_hsrp_commercial
plate_3617.jpg,RJ51HT6715,india_hsrp_commercial
plate_3618.jpg,17513,foreign_gulf_style
plate_3619.jpg,MN76TU4650,india_hsrp_private
plate_3620.jpg,AP44JF8090,india_hsrp_private
plate_3621.jpg,CH66VF9710,india_hsrp_private
plate_3622.jpg,MH95PG9284,india_hsrp_private
plate_3623.jpg,CD316MN,foreign_eu_generic
plate_3624.jpg,41298,foreign_gulf_style
plate_3625.jpg,WB53KD8667,india_hsrp_private
plate_3626.jpg,DL38KU3349,india_hsrp_commercial
plate_3627.jpg,TN37VJ6263,india_old_ev
plate_3628.jpg,CD72XYZ,foreign_uk_style
plate_3629.jpg,PY99BN7830,india_hsrp_ev
plate_3630.jpg,GH500KL,foreign_eu_generic
plate_3631.jpg,HP83FK9150,india_old_private
plate_3632.jpg,GA61AG1658,india_old_ev
plate_3633.jpg,EF44ABC,foreign_uk_style
plate_3634.jpg,TN76FG3049,india_hsrp_private
plate_3635.jpg,WB33CH6174,india_hsrp_commercial
plate_3636.jpg,MZ20RX8983,india_hsrp_private
plate_3637.jpg,NL25PE4815,india_hsrp_private
plate_3638.jpg,CD81ABC,foreign_uk_style
plate_3639.jpg,CH48DL9391,india_old_commercial
plate_3640.jpg,EF511XY,foreign_eu_generic
plate_3641.jpg,HP99YR3778,india_hsrp_commercial
plate_3642.jpg,PB18PM1883,india_old_private
plate_3643.jpg,GJ34YS1955,india_hsrp_ev
plate_3644.jpg,UP04AM2884,india_hsrp_commercial
plate_3645.jpg,SK10MC2462,india_hsrp_private
plate_3646.jpg,EF80XYZ,foreign_uk_style
plate_3647.jpg,25739,foreign_gulf_style
plate_3648.jpg,ML20HC6906,india_hsrp_commercial
plate_3649.jpg,MP66KA3242,india_hsrp_commercial
plate_3650.jpg,AS69ES2512,india_hsrp_private
plate_3651.jpg,MH70JK6226,india_hsrp_private
plate_3652.jpg,OR18RA8139,india_old_private
plate_3653.jpg,KL91PN7048,india_hsrp_private
plate_3654.jpg,AR19PV4908,india_hsrp_private
plate_3655.jpg,CD880XY,foreign_eu_generic
plate_3656.jpg,DL62GN1925,india_hsrp_private
plate_3657.jpg,CH73FK2726,india_hsrp_private
plate_3658.jpg,LD40JN9935,india_hsrp_private
plate_3659.jpg,AR65YA7910,india_hsrp_private
plate_3660.jpg,EF126XY,foreign_eu_generic
plate_3661.jpg,AS21EE6578,india_hsrp_private
plate_3662.jpg,AP86FK5916,india_hsrp_commercial
plate_3663.jpg,GH448MN,foreign_eu_generic
plate_3664.jpg,74409,foreign_gulf_style
plate_3665.jpg,HR51XX2269,india_hsrp_commercial
plate_3666.jpg,56917,foreign_gulf_style
plate_3667.jpg,TR27LN4822,india_hsrp_commercial
plate_3668.jpg,GJ29HG2848,india_hsrp_private
plate_3669.jpg,MZ85ZK4288,india_hsrp_commercial
plate_3670.jpg,61827,foreign_gulf_style
plate_3671.jpg,FL242MNP,foreign_us_generic
plate_3672.jpg,NL90HG4810,india_old_private
plate_3673.jpg,21586,foreign_gulf_style
plate_3674.jpg,MH44TX1930,india_hsrp_private
plate_3675.jpg,AB72ABC,foreign_uk_style
plate_3676.jpg,HR91HD1998,india_hsrp_private
plate_3677.jpg,SK21VE2703,india_hsrp_private
plate_3678.jpg,ML96GL6350,india_hsrp_private
plate_3679.jpg,JK67JP8856,india_hsrp_private
plate_3680.jpg,PY63HH5969,india_hsrp_commercial
plate_3681.jpg,AB950XY,foreign_eu_generic
plate_3682.jpg,CH20YB9231,india_hsrp_commercial
plate_3683.jpg,MN47NK1616,india_hsrp_private
plate_3684.jpg,AP80YV5071,india_old_private
plate_3685.jpg,NL67DM7115,india_hsrp_commercial
plate_3686.jpg,LD40AT7158,india_hsrp_commercial
plate_3687.jpg,HP06KK5518,india_hsrp_private
plate_3688.jpg,WB05EY3822,india_hsrp_private
plate_3689.jpg,MH52DB3058,india_hsrp_commercial
plate_3690.jpg,KA49RM1948,india_hsrp_private
plate_3691.jpg,UK16BT5842,india_old_private
plate_3692.jpg,ML46ML1425,india_old_private
plate_3693.jpg,TR90NX6216,india_hsrp_private
plate_3694.jpg,LD93PP8319,india_old_commercial
plate_3695.jpg,TN76CA3520,india_hsrp_commercial
plate_3696.jpg,CD16XYZ,foreign_uk_style
plate_3697.jpg,DL07SS6447,india_hsrp_private
plate_3698.jpg,DL30LD7491,india_hsrp_private
plate_3699.jpg,AP40CB4285,india_hsrp_private
plate_3700.jpg,TN47WZ2773,india_hsrp_private
plate_3701.jpg,TS85JZ8633,india_hsrp_private
plate_3702.jpg,MZ38CA4305,india_hsrp_private
plate_3703.jpg,JK19CR6567,india_hsrp_commercial
plate_3704.jpg,ML46UA8819,india_hsrp_private
plate_3705.jpg,TS69TD6595,india_old_private
plate_3706.jpg,GA99CD4694,india_hsrp_commercial
plate_3707.jpg,PY49EE9730,india_hsrp_private
plate_3708.jpg,DD78WA2078,india_old_commercial
plate_3709.jpg,SK57GU9336,india_hsrp_private
plate_3710.jpg,AN19KR3051,india_hsrp_private
plate_3711.jpg,PY08JC9075,india_hsrp_ev
plate_3712.jpg,ML51CT8550,india_hsrp_ev
plate_3713.jpg,GH773KL,foreign_eu_generic
plate_3714.jpg,OR72PZ7864,india_hsrp_private
plate_3715.jpg,KA80RD1366,india_hsrp_private
plate_3716.jpg,LD14FC6734,india_hsrp_ev
plate_3717.jpg,HP68MU8404,india_old_commercial
plate_3718.jpg,JK17ML7329,india_hsrp_private
plate_3719.jpg,DD12SK1952,india_hsrp_private
plate_3720.jpg,CD378XY,foreign_eu_generic
plate_3721.jpg,DN79RH6836,india_hsrp_commercial
plate_3722.jpg,KL34EB3621,india_hsrp_private
plate_3723.jpg,KA71VL7550,india_hsrp_private
plate_3724.jpg,TN38VL3766,india_hsrp_private
plate_3725.jpg,WB69KX2413,india_hsrp_private
plate_3726.jpg,KL01XS3633,india_hsrp_commercial
plate_3727.jpg,SK28JL5211,india_hsrp_private
plate_3728.jpg,TX936ABC,foreign_us_generic
plate_3729.jpg,PY83UX1957,india_old_commercial
plate_3730.jpg,GH236MN,foreign_eu_generic
plate_3731.jpg,DN61GU1910,india_old_private
plate_3732.jpg,TS08EG9298,india_hsrp_commercial
plate_3733.jpg,UK88PV2794,india_hsrp_private
plate_3734.jpg,AS46XA3575,india_hsrp_commercial
plate_3735.jpg,GH254XY,foreign_eu_generic
plate_3736.jpg,KL59AJ9313,india_hsrp_commercial
plate_3737.jpg,KA71PG2542,india_hsrp_private
plate_3738.jpg,BR05VA6829,india_hsrp_commercial
plate_3739.jpg,PY16YL3914,india_old_private
plate_3740.jpg,AP47WK3121,india_old_commercial
plate_3741.jpg,LD95DF3496,india_old_private
plate_3742.jpg,CH21SN2542,india_hsrp_private
plate_3743.jpg,LD92AK1549,india_hsrp_commercial
plate_3744.jpg,AP02NZ7865,india_old_ev
plate_3745.jpg,SK93JM6867,india_hsrp_private
plate_3746.jpg,AP26UE1924,india_old_private
plate_3747.jpg,CA853XYZ,foreign_us_generic
plate_3748.jpg,AR57UA9083,india_hsrp_private
plate_3749.jpg,MH86RU8279,india_hsrp_private
plate_3750.jpg,PB65ER2813,india_hsrp_commercial
plate_3751.jpg,AR66CC5560,india_old_ev
plate_3752.jpg,AS03BB4142,india_hsrp_private
plate_3753.jpg,GJ81XP2200,india_old_private
plate_3754.jpg,CH76WZ9142,india_hsrp_private
plate_3755.jpg,MN82FH7940,india_hsrp_private
plate_3756.jpg,BR33JV8767,india_hsrp_ev
plate_3757.jpg,RJ02ZX5266,india_hsrp_private
plate_3758.jpg,SK27PK4033,india_hsrp_commercial
plate_3759.jpg,PB11BG8605,india_hsrp_commercial
plate_3760.jpg,LD95GE1439,india_hsrp_commercial
plate_3761.jpg,NL06CB4430,india_hsrp_private
plate_3762.jpg,SK08GA2588,india_old_private
plate_3763.jpg,GH182XY,foreign_eu_generic
plate_3764.jpg,MH43MM8122,india_hsrp_private
plate_3765.jpg,PY47EG5354,india_hsrp_commercial
plate_3766.jpg,DN83PB3832,india_hsrp_commercial
plate_3767.jpg,UP15PJ8018,india_hsrp_private
plate_3768.jpg,UP98HK8781,india_hsrp_private
plate_3769.jpg,SK79GE8252,india_old_private
plate_3770.jpg,AS81GA6551,india_hsrp_commercial
plate_3771.jpg,UK22ZJ5447,india_old_commercial
plate_3772.jpg,SK70MY9341,india_hsrp_private
plate_3773.jpg,JH37XU6257,india_hsrp_private
plate_3774.jpg,MH06WX3709,india_hsrp_private
plate_3775.jpg,JH92BG1594,india_hsrp_ev
plate_3776.jpg,AS46RC7522,india_hsrp_commercial
plate_3777.jpg,MP58PS7271,india_hsrp_private
plate_3778.jpg,JK85ZA7269,india_hsrp_private
plate_3779.jpg,NL42SM6807,india_old_private
plate_3780.jpg,CH38CX4518,india_hsrp_private
plate_3781.jpg,GJ27MH5671,india_old_private
plate_3782.jpg,ML17ZV4850,india_hsrp_private
plate_3783.jpg,TS67JG7527,india_hsrp_private
plate_3784.jpg,CD50ABC,foreign_uk_style
plate_3785.jpg,AN07EM7575,india_hsrp_private
plate_3786.jpg,NL96JB7041,india_old_private
plate_3787.jpg,AS99SL2175,india_hsrp_commercial
plate_3788.jpg,18941,foreign_gulf_style
plate_3789.jpg,PY18YE3221,india_hsrp_private
plate_3790.jpg,AB967KL,foreign_eu_generic
plate_3791.jpg,DN85BE6401,india_old_private
plate_3792.jpg,NL42RH9232,india_hsrp_ev
plate_3793.jpg,RJ51DR3218,india_hsrp_private
plate_3794.jpg,ML36EB7972,india_old_ev
plate_3795.jpg,GJ80MW6250,india_old_private
plate_3796.jpg,AP89VS3984,india_old_private
plate_3797.jpg,CH10WS7620,india_hsrp_private
plate_3798.jpg,LD12RK6362,india_old_commercial
plate_3799.jpg,OR24NG5349,india_hsrp_commercial
plate_3800.jpg,RJ97HH9275,india_hsrp_private
plate_3801.jpg,UK66AU8285,india_hsrp_private
plate_3802.jpg,AR46KP1179,india_hsrp_private
plate_3803.jpg,JK55LB7624,india_hsrp_private
plate_3804.jpg,SK06GU1534,india_hsrp_private
plate_3805.jpg,CA296ABC,foreign_us_generic
plate_3806.jpg,MN87DM2006,india_hsrp_private
plate_3807.jpg,TS09ZB7402,india_hsrp_private
plate_3808.jpg,AP87PW4920,india_old_private
plate_3809.jpg,RJ30CP4209,india_hsrp_private
plate_3810.jpg,KA44HT8374,india_old_private
plate_3811.jpg,UP80CH1818,india_old_private
plate_3812.jpg,MP62VM9978,india_hsrp_private
plate_3813.jpg,TR04LL3924,india_old_private
plate_3814.jpg,CD11ABC,foreign_uk_style
plate_3815.jpg,RJ95KT3671,india_hsrp_private
plate_3816.jpg,AS59SK1620,india_hsrp_ev
plate_3817.jpg,MP53GM4292,india_hsrp_private
plate_3818.jpg,NY950XYZ,foreign_us_generic
plate_3819.jpg,FL535XYZ,foreign_us_generic
plate_3820.jpg,AR55VX3575,india_hsrp_private
plate_3821.jpg,BR73FU5143,india_hsrp_commercial
plate_3822.jpg,LD18MB2842,india_hsrp_private
plate_3823.jpg,JH36GN7786,india_old_ev
plate_3824.jpg,TS22YA1190,india_hsrp_private
plate_3825.jpg,AR83EG5333,india_hsrp_private
plate_3826.jpg,TS57ML9904,india_old_private
plate_3827.jpg,GA67FK9791,india_hsrp_private
plate_3828.jpg,NL91BN8521,india_old_private
plate_3829.jpg,UP98ZG8455,india_hsrp_commercial
plate_3830.jpg,AP25LZ5077,india_hsrp_ev
plate_3831.jpg,MN29YK1047,india_hsrp_private
plate_3832.jpg,71142,foreign_gulf_style
plate_3833.jpg,HR39ZW7850,india_hsrp_private
plate_3834.jpg,51808,foreign_gulf_style
plate_3835.jpg,31431,foreign_gulf_style
plate_3836.jpg,28585,foreign_gulf_style
plate_3837.jpg,LD09AB3527,india_hsrp_private
plate_3838.jpg,DL19BT1597,india_hsrp_private
plate_3839.jpg,NL69AK8713,india_hsrp_commercial
plate_3840.jpg,DD25YU7791,india_hsrp_commercial
plate_3841.jpg,GH370XY,foreign_eu_generic
plate_3842.jpg,AR37WH6755,india_old_private
plate_3843.jpg,NY298MNP,foreign_us_generic
plate_3844.jpg,JH68MA1868,india_old_private
plate_3845.jpg,DL88LL3637,india_hsrp_private
plate_3846.jpg,SK92NB5954,india_hsrp_private
plate_3847.jpg,CD61ABC,foreign_uk_style
plate_3848.jpg,WB15GW2837,india_hsrp_private
plate_3849.jpg,HR21FE4316,india_old_private
plate_3850.jpg,AN85FV5436,india_hsrp_commercial
plate_3851.jpg,CH69ZT8870,india_hsrp_ev
plate_3852.jpg,WB47YR7015,india_old_commercial
plate_3853.jpg,AS88BE3208,india_old_commercial
plate_3854.jpg,JK42UB6878,india_old_private
plate_3855.jpg,TN82FC7172,india_hsrp_private
plate_3856.jpg,MP76MR8759,india_hsrp_commercial
plate_3857.jpg,JH02BG8544,india_hsrp_private
plate_3858.jpg,80926,foreign_gulf_style
plate_3859.jpg,JK77TD8497,india_hsrp_private
plate_3860.jpg,KL08TP5553,india_hsrp_private
plate_3861.jpg,DD91RM5742,india_hsrp_private
plate_3862.jpg,OR46DE9964,india_hsrp_private
plate_3863.jpg,DD52MD6996,india_old_private
plate_3864.jpg,DN82UY8208,india_hsrp_private
plate_3865.jpg,AN66HG9207,india_hsrp_private
plate_3866.jpg,FL311ABC,foreign_us_generic
plate_3867.jpg,84233,foreign_gulf_style
plate_3868.jpg,PY30YT8243,india_hsrp_private
plate_3869.jpg,CD50ABC,foreign_uk_style
plate_3870.jpg,TN77VC6569,india_hsrp_commercial
plate_3871.jpg,DL41MC5817,india_hsrp_commercial
plate_3872.jpg,UK42SY2540,india_hsrp_commercial
plate_3873.jpg,MZ14TR6354,india_hsrp_private
plate_3874.jpg,PY80ZK1711,india_old_private
plate_3875.jpg,SK30LP8893,india_hsrp_commercial
plate_3876.jpg,AS10JF5014,india_hsrp_private
plate_3877.jpg,DD05VV5987,india_old_private
plate_3878.jpg,UP35VV8752,india_hsrp_private
plate_3879.jpg,AN08CJ5213,india_old_commercial
plate_3880.jpg,BR54XC6082,india_hsrp_private
plate_3881.jpg,AS28RS9494,india_hsrp_ev
plate_3882.jpg,MZ48JM4643,india_hsrp_private
plate_3883.jpg,DD18NZ8215,india_hsrp_commercial
plate_3884.jpg,DN15WF7054,india_hsrp_private
plate_3885.jpg,BR73MN7928,india_hsrp_private
plate_3886.jpg,AR09YG1557,india_hsrp_commercial
plate_3887.jpg,AS74AZ8102,india_hsrp_private
plate_3888.jpg,AR71HK4260,india_old_private
plate_3889.jpg,CD39ABC,foreign_uk_style
plate_3890.jpg,TS53GH4812,india_old_commercial
plate_3891.jpg,AN90YL3055,india_hsrp_private
plate_3892.jpg,PY88TW5901,india_hsrp_private
plate_3893.jpg,DN83SC9037,india_hsrp_private
plate_3894.jpg,HR58JJ1632,india_hsrp_private
plate_3895.jpg,GJ99SR2628,india_hsrp_private
plate_3896.jpg,PY97HH2699,india_hsrp_commercial
plate_3897.jpg,DL34RK3857,india_hsrp_commercial
plate_3898.jpg,MN10ES8829,india_hsrp_private
plate_3899.jpg,GJ49WH6974,india_hsrp_ev
plate_3900.jpg,AS37PL3711,india_hsrp_private
plate_3901.jpg,SK84DY7926,india_hsrp_private
plate_3902.jpg,AS80SG9582,india_old_commercial
plate_3903.jpg,GJ65DZ7411,india_hsrp_commercial
plate_3904.jpg,AN10BU6185,india_hsrp_ev
plate_3905.jpg,GH212KL,foreign_eu_generic
plate_3906.jpg,MN81UG5320,india_hsrp_ev
plate_3907.jpg,HP81CP1437,india_old_commercial
plate_3908.jpg,KL27ZN2541,india_hsrp_private
plate_3909.jpg,AP15UY8887,india_old_commercial
plate_3910.jpg,HP75FE5024,india_hsrp_private
plate_3911.jpg,CA920MNP,foreign_us_generic
plate_3912.jpg,DN77LB4343,india_hsrp_commercial
plate_3913.jpg,GA63PG4792,india_hsrp_private
plate_3914.jpg,CA869XYZ,foreign_us_generic
plate_3915.jpg,AR11FG8575,india_hsrp_private
plate_3916.jpg,TR35YJ6893,india_hsrp_ev
plate_3917.jpg,GA29PP5365,india_hsrp_private
plate_3918.jpg,PY32MM8365,india_hsrp_private
plate_3919.jpg,MH06JU3469,india_hsrp_private
plate_3920.jpg,NL55LJ4454,india_hsrp_commercial
plate_3921.jpg,AS36DE6789,india_hsrp_private
plate_3922.jpg,GH598XY,foreign_eu_generic
plate_3923.jpg,MH26DR2844,india_old_private
plate_3924.jpg,GJ96LW3477,india_hsrp_commercial
plate_3925.jpg,AP68NP6221,india_hsrp_commercial
plate_3926.jpg,NY341XYZ,foreign_us_generic
plate_3927.jpg,MP66VJ8862,india_old_private
plate_3928.jpg,AN70PU1037,india_hsrp_private
plate_3929.jpg,WB56XU2218,india_old_private
plate_3930.jpg,TS35UJ5333,india_hsrp_private
plate_3931.jpg,WB98VT6851,india_hsrp_private
plate_3932.jpg,BR59AT1556,india_hsrp_private
plate_3933.jpg,AN06PX2504,india_hsrp_ev
plate_3934.jpg,GA20NZ5162,india_hsrp_private
plate_3935.jpg,NY956ABC,foreign_us_generic
plate_3936.jpg,DL97DX1692,india_hsrp_private
plate_3937.jpg,AP99CY1497,india_hsrp_private
plate_3938.jpg,RJ86XU5491,india_old_commercial
plate_3939.jpg,MP62FN9735,india_hsrp_private
plate_3940.jpg,NL98HH6899,india_hsrp_private
plate_3941.jpg,WB21JP7005,india_hsrp_private
plate_3942.jpg,MN42YH7185,india_old_private
plate_3943.jpg,74748,foreign_gulf_style
plate_3944.jpg,HR23FH7868,india_hsrp_commercial
plate_3945.jpg,37610,foreign_gulf_style
plate_3946.jpg,ML96JM7908,india_hsrp_private
plate_3947.jpg,RJ52RN8959,india_old_private
plate_3948.jpg,WB23FJ3808,india_hsrp_private
plate_3949.jpg,TR45PM3753,india_hsrp_private
plate_3950.jpg,JK79JR9798,india_old_private
plate_3951.jpg,FL673XYZ,foreign_us_generic
plate_3952.jpg,TS99UK3073,india_hsrp_commercial
plate_3953.jpg,OR65SU1879,india_hsrp_commercial
plate_3954.jpg,TS68MD2079,india_old_ev
plate_3955.jpg,13822,foreign_gulf_style
plate_3956.jpg,MH04KY9778,india_old_commercial
plate_3957.jpg,KA47CS4521,india_hsrp_private
plate_3958.jpg,44596,foreign_gulf_style
plate_3959.jpg,MP97SN4931,india_old_commercial
plate_3960.jpg,MP87LP3108,india_hsrp_commercial
plate_3961.jpg,DL99AJ9465,india_hsrp_ev
plate_3962.jpg,SK29JD2761,india_hsrp_private
plate_3963.jpg,UK19ML8913,india_hsrp_private
plate_3964.jpg,UK25LH1651,india_hsrp_private
plate_3965.jpg,GA77TM6457,india_hsrp_private
plate_3966.jpg,PY64WW8063,india_hsrp_commercial
plate_3967.jpg,GH779XY,foreign_eu_generic
plate_3968.jpg,MZ38ZU6374,india_hsrp_private
plate_3969.jpg,TR72PV1324,india_hsrp_commercial
plate_3970.jpg,SK38HE2689,india_hsrp_private
plate_3971.jpg,GH580XY,foreign_eu_generic
plate_3972.jpg,DL51JT3882,india_hsrp_private
plate_3973.jpg,MN56WW9682,india_hsrp_private
plate_3974.jpg,RJ79UW8774,india_old_private
plate_3975.jpg,UK41NX8514,india_old_private
plate_3976.jpg,JK76PD1871,india_hsrp_private
plate_3977.jpg,FL257MNP,foreign_us_generic
plate_3978.jpg,DN08BH9665,india_old_commercial
plate_3979.jpg,KL72ZA7741,india_hsrp_commercial
plate_3980.jpg,KL83FA1581,india_hsrp_private
plate_3981.jpg,PB61ZL3316,india_hsrp_private
plate_3982.jpg,AS71UM4726,india_hsrp_private
plate_3983.jpg,GH324KL,foreign_eu_generic
plate_3984.jpg,OR61BB3502,india_old_commercial
plate_3985.jpg,AN58ZV4448,india_hsrp_private
plate_3986.jpg,WB66KR9671,india_old_private
plate_3987.jpg,SK72LT5556,india_hsrp_commercial
plate_3988.jpg,BR05TT3855,india_hsrp_private
plate_3989.jpg,BR57KN1038,india_hsrp_private
plate_3990.jpg,KL39SF2147,india_hsrp_commercial
plate_3991.jpg,UK64VZ3737,india_hsrp_private
plate_3992.jpg,MH60DF1855,india_hsrp_private
plate_3993.jpg,TX477MNP,foreign_us_generic
plate_3994.jpg,GJ64TW2104,india_old_private
plate_3995.jpg,LD08BE3141,india_hsrp_private
plate_3996.jpg,DL71SL9700,india_hsrp_commercial
plate_3997.jpg,GJ97ZR4211,india_hsrp_ev
plate_3998.jpg,BR25EM6391,india_hsrp_private
plate_3999.jpg,CD67XYZ,foreign_uk_style
plate_4000.jpg,JK96MP9180,india_hsrp_commercial
plate_4001.jpg,TN17VS9230,india_hsrp_private
plate_4002.jpg,BR59PL5466,india_hsrp_commercial
plate_4003.jpg,NY226ABC,foreign_us_generic
plate_4004.jpg,TS06WU8415,india_hsrp_private
plate_4005.jpg,NL98TL4028,india_old_private
plate_4006.jpg,EF585MN,foreign_eu_generic
plate_4007.jpg,AB54KLM,foreign_uk_style
plate_4008.jpg,GJ38SH9496,india_hsrp_private
plate_4009.jpg,TS75CT3781,india_hsrp_commercial
plate_4010.jpg,41697,foreign_gulf_style
plate_4011.jpg,AB986XY,foreign_eu_generic
plate_4012.jpg,MP77HD4789,india_old_private
plate_4013.jpg,MZ27UF2597,india_hsrp_private
plate_4014.jpg,CD100MN,foreign_eu_generic
plate_4015.jpg,TS72NG6967,india_hsrp_commercial
plate_4016.jpg,WB35MA7104,india_hsrp_private
plate_4017.jpg,GJ87ME6960,india_old_private
plate_4018.jpg,GH876KL,foreign_eu_generic
plate_4019.jpg,LD77CF5342,india_hsrp_private
plate_4020.jpg,AB39XYZ,foreign_uk_style
plate_4021.jpg,NY177ABC,foreign_us_generic
plate_4022.jpg,TS45RV2326,india_hsrp_private
plate_4023.jpg,TS82KG7699,india_hsrp_private
plate_4024.jpg,AN50TT7864,india_hsrp_commercial
plate_4025.jpg,RJ68WY1427,india_hsrp_commercial
plate_4026.jpg,DN67WL8109,india_old_commercial
plate_4027.jpg,KL52YZ2393,india_old_private
plate_4028.jpg,TN96CG5694,india_hsrp_commercial
plate_4029.jpg,MP75NC6944,india_hsrp_commercial
plate_4030.jpg,MP18HE5361,india_hsrp_private
plate_4031.jpg,TS71FB3392,india_hsrp_private
plate_4032.jpg,HR58GG8165,india_hsrp_commercial
plate_4033.jpg,MZ83WX3771,india_hsrp_commercial
plate_4034.jpg,GA20MH9551,india_old_private
plate_4035.jpg,GH830XY,foreign_eu_generic
plate_4036.jpg,RJ52FF5584,india_hsrp_commercial
plate_4037.jpg,NL58FU3500,india_old_private
plate_4038.jpg,MP31SC7964,india_hsrp_private
plate_4039.jpg,CA548ABC,foreign_us_generic
plate_4040.jpg,MN76EW5636,india_old_private
plate_4041.jpg,PB82XY8506,india_old_private
plate_4042.jpg,TX172MNP,foreign_us_generic
plate_4043.jpg,GJ13TE3115,india_hsrp_commercial
plate_4044.jpg,TR67ZX4601,india_old_commercial
plate_4045.jpg,PB08XR3186,india_hsrp_private
plate_4046.jpg,62313,foreign_gulf_style
plate_4047.jpg,MZ44KM6423,india_hsrp_private
plate_4048.jpg,UK45FT8089,india_hsrp_private
plate_4049.jpg,TS81MT7938,india_hsrp_commercial
plate_4050.jpg,DN27CJ7689,india_hsrp_private
plate_4051.jpg,JH95SJ5233,india_hsrp_private
plate_4052.jpg,UK08TT9068,india_old_private
plate_4053.jpg,DL91XY8019,india_hsrp_private
plate_4054.jpg,RJ32UE8352,india_hsrp_private
plate_4055.jpg,TR02SH5465,india_hsrp_commercial
plate_4056.jpg,73749,foreign_gulf_style
plate_4057.jpg,UK11DN5759,india_hsrp_private
plate_4058.jpg,JH09FR2311,india_hsrp_private
plate_4059.jpg,80766,foreign_gulf_style
plate_4060.jpg,TR77WG9564,india_hsrp_commercial
plate_4061.jpg,AR86PK4353,india_hsrp_ev
plate_4062.jpg,MP90VL8374,india_old_private
plate_4063.jpg,GJ56EK9192,india_hsrp_commercial
plate_4064.jpg,MH62VN4634,india_hsrp_ev
plate_4065.jpg,TS13VT6900,india_hsrp_commercial
plate_4066.jpg,ML44TG2746,india_old_private
plate_4067.jpg,AB10XYZ,foreign_uk_style
plate_4068.jpg,KL58EF9593,india_hsrp_commercial
plate_4069.jpg,AS70YU4725,india_hsrp_ev
plate_4070.jpg,AP39UP6356,india_hsrp_commercial
plate_4071.jpg,KA49TL7243,india_old_private
plate_4072.jpg,WB16ZN7272,india_hsrp_commercial
plate_4073.jpg,PY62BK4884,india_hsrp_private
plate_4074.jpg,PB39YS2257,india_hsrp_commercial
plate_4075.jpg,MZ68SJ5515,india_hsrp_private
plate_4076.jpg,SK82GG4923,india_hsrp_private
plate_4077.jpg,GJ86JJ6993,india_hsrp_private
plate_4078.jpg,90286,foreign_gulf_style
plate_4079.jpg,AP24HG9204,india_old_private
plate_4080.jpg,HP47VZ5849,india_hsrp_private
plate_4081.jpg,SK25EU5728,india_hsrp_private
plate_4082.jpg,HP82NZ4101,india_old_private
plate_4083.jpg,AR28KE3117,india_old_ev
plate_4084.jpg,MP23FH8512,india_hsrp_private
plate_4085.jpg,AN94CL2670,india_hsrp_private
plate_4086.jpg,JH88CN1091,india_old_private
plate_4087.jpg,97798,foreign_gulf_style
plate_4088.jpg,OR31DR4331,india_hsrp_private
plate_4089.jpg,93742,foreign_gulf_style
plate_4090.jpg,AN66HX7601,india_hsrp_private
plate_4091.jpg,UP69TY3818,india_hsrp_private
plate_4092.jpg,PY13JX1256,india_hsrp_ev
plate_4093.jpg,TS01ZB7734,india_hsrp_private
plate_4094.jpg,FL540ABC,foreign_us_generic
plate_4095.jpg,BR45PF8746,india_hsrp_ev
plate_4096.jpg,SK99YK6718,india_old_private
plate_4097.jpg,TS32BR7862,india_hsrp_commercial
plate_4098.jpg,NL69NR9924,india_hsrp_commercial
plate_4099.jpg,NL89CP2409,india_hsrp_private
plate_4100.jpg,BR80NC1412,india_hsrp_private
plate_4101.jpg,45562,foreign_gulf_style
plate_4102.jpg,GH420XY,foreign_eu_generic
plate_4103.jpg,KA24PG2403,india_old_commercial
plate_4104.jpg,AS53RA1333,india_hsrp_private
plate_4105.jpg,CD92KLM,foreign_uk_style
plate_4106.jpg,UK02FS9433,india_old_commercial
plate_4107.jpg,MP98MY1913,india_hsrp_private
plate_4108.jpg,UP90XV4967,india_hsrp_commercial
plate_4109.jpg,ML55PE4841,india_hsrp_private
plate_4110.jpg,DN25AE5193,india_hsrp_private
plate_4111.jpg,DN53ST9601,india_hsrp_ev
plate_4112.jpg,MH83WD2193,india_hsrp_commercial
plate_4113.jpg,SK10ER3113,india_hsrp_commercial
plate_4114.jpg,AP79ZC1780,india_hsrp_commercial
plate_4115.jpg,MH88HR1485,india_old_commercial
plate_4116.jpg,MP59LE4253,india_hsrp_ev
plate_4117.jpg,GA46MH3111,india_hsrp_private
plate_4118.jpg,AR28ND2905,india_hsrp_private
plate_4119.jpg,HR55DR4178,india_hsrp_private
plate_4120.jpg,RJ03XS4653,india_hsrp_commercial
plate_4121.jpg,KA37AU7881,india_hsrp_ev
plate_4122.jpg,GH347KL,foreign_eu_generic
plate_4123.jpg,FL707XYZ,foreign_us_generic
plate_4124.jpg,EF62KLM,foreign_uk_style
plate_4125.jpg,AB946XY,foreign_eu_generic
plate_4126.jpg,KA99LH2776,india_hsrp_private
plate_4127.jpg,UK31CK9244,india_hsrp_ev
plate_4128.jpg,CA490MNP,foreign_us_generic
plate_4129.jpg,AS04KT1215,india_hsrp_private
plate_4130.jpg,AB95XYZ,foreign_uk_style
plate_4131.jpg,LD26JC3241,india_hsrp_private
plate_4132.jpg,ML33GJ6451,india_hsrp_private
plate_4133.jpg,UP47GH2860,india_old_private
plate_4134.jpg,PY59EC1737,india_old_commercial
plate_4135.jpg,HR80MA4604,india_old_private
plate_4136.jpg,FL984ABC,foreign_us_generic
plate_4137.jpg,CD980MN,foreign_eu_generic
plate_4138.jpg,SK33BU7229,india_hsrp_commercial
plate_4139.jpg,AS18YC3950,india_old_private
plate_4140.jpg,MP08CX1317,india_old_private
plate_4141.jpg,JK26CF4048,india_hsrp_private
plate_4142.jpg,NY949MNP,foreign_us_generic
plate_4143.jpg,TR33DN9561,india_hsrp_private
plate_4144.jpg,CD33KLM,foreign_uk_style
plate_4145.jpg,GJ78RH1841,india_hsrp_private
plate_4146.jpg,JK36RW8483,india_hsrp_ev
plate_4147.jpg,CH51VR4620,india_hsrp_private
plate_4148.jpg,ML35WZ7465,india_hsrp_ev
plate_4149.jpg,UK12NJ4568,india_old_commercial
plate_4150.jpg,GH993XY,foreign_eu_generic
plate_4151.jpg,UK65XG5810,india_hsrp_private
plate_4152.jpg,PB35YB5148,india_hsrp_private
plate_4153.jpg,85618,foreign_gulf_style
plate_4154.jpg,HR78UX2602,india_hsrp_ev
plate_4155.jpg,KL10DS9698,india_hsrp_private
plate_4156.jpg,HP70SA6803,india_hsrp_commercial
plate_4157.jpg,AR56FJ9264,india_old_private
plate_4158.jpg,LD24PZ6041,india_hsrp_private
plate_4159.jpg,TS18BN2476,india_hsrp_commercial
plate_4160.jpg,KA59NB4659,india_hsrp_commercial
plate_4161.jpg,MZ58FH9063,india_old_commercial
plate_4162.jpg,37056,foreign_gulf_style
plate_4163.jpg,MH28TS3626,india_hsrp_commercial
plate_4164.jpg,AB88XYZ,foreign_uk_style
plate_4165.jpg,SK32CX2266,india_hsrp_commercial
plate_4166.jpg,DN16EA9101,india_hsrp_private
plate_4167.jpg,GJ39RC3706,india_hsrp_commercial
plate_4168.jpg,HR14WL4432,india_hsrp_commercial
plate_4169.jpg,DD39LE5314,india_old_private
plate_4170.jpg,AN60DD7545,india_hsrp_commercial
plate_4171.jpg,DL28VG9383,india_hsrp_private
plate_4172.jpg,MN45HT7672,india_hsrp_private
plate_4173.jpg,SK03EJ1109,india_hsrp_private
plate_4174.jpg,GA12BU6303,india_hsrp_private
plate_4175.jpg,RJ58CB8154,india_hsrp_ev
plate_4176.jpg,KL23TZ3145,india_hsrp_private
plate_4177.jpg,ML64WU7989,india_hsrp_commercial
plate_4178.jpg,KA24ZK1525,india_hsrp_private
plate_4179.jpg,TS90WJ1484,india_hsrp_commercial
plate_4180.jpg,KL17PR9273,india_hsrp_commercial
plate_4181.jpg,99888,foreign_gulf_style
plate_4182.jpg,CD68XYZ,foreign_uk_style
plate_4183.jpg,NY373XYZ,foreign_us_generic
plate_4184.jpg,MN56BZ8913,india_hsrp_commercial
plate_4185.jpg,JK85MS8872,india_old_commercial
plate_4186.jpg,JH99PL2765,india_hsrp_commercial
plate_4187.jpg,DL40VF2080,india_hsrp_private
plate_4188.jpg,KL64KV1230,india_hsrp_commercial
plate_4189.jpg,11231,foreign_gulf_style
plate_4190.jpg,UP64GP6922,india_hsrp_private
plate_4191.jpg,MH37YC3404,india_hsrp_commercial
plate_4192.jpg,TN74FK2296,india_old_commercial
plate_4193.jpg,HP10JL4352,india_hsrp_ev
plate_4194.jpg,KA89BJ2888,india_old_private
plate_4195.jpg,HP51AN9570,india_old_private
plate_4196.jpg,AB80KLM,foreign_uk_style
plate_4197.jpg,CH43KG8571,india_hsrp_ev
plate_4198.jpg,MP39FF2878,india_old_private
plate_4199.jpg,TN71VW4800,india_hsrp_private
plate_4200.jpg,GH628XY,foreign_eu_generic
plate_4201.jpg,MP22KY3941,india_hsrp_commercial
plate_4202.jpg,KL96CG7371,india_hsrp_private
plate_4203.jpg,JK09NX9651,india_old_commercial
plate_4204.jpg,GJ27BZ9805,india_hsrp_private
plate_4205.jpg,AS64LF1214,india_hsrp_private
plate_4206.jpg,UP84EW4977,india_hsrp_private
plate_4207.jpg,GA74PH8652,india_old_private
plate_4208.jpg,PY67GB2203,india_hsrp_commercial
plate_4209.jpg,HP01NS2959,india_hsrp_private
plate_4210.jpg,PY37UC9360,india_hsrp_ev
plate_4211.jpg,KL63CR5717,india_hsrp_private
plate_4212.jpg,DD44NH5209,india_hsrp_private
plate_4213.jpg,DD89MN2235,india_hsrp_private
plate_4214.jpg,DL52BF4185,india_hsrp_private
plate_4215.jpg,PB99WC5896,india_hsrp_ev
plate_4216.jpg,MZ63MJ9298,india_hsrp_private
plate_4217.jpg,46213,foreign_gulf_style
plate_4218.jpg,CD84ABC,foreign_uk_style
plate_4219.jpg,TX555XYZ,foreign_us_generic
plate_4220.jpg,TN95MU3965,india_hsrp_private
plate_4221.jpg,KA03XD2153,india_hsrp_private
plate_4222.jpg,AR60NS9880,india_hsrp_private
plate_4223.jpg,AB894XY,foreign_eu_generic
plate_4224.jpg,MH95LZ2619,india_old_commercial
plate_4225.jpg,EF27XYZ,foreign_uk_style
plate_4226.jpg,TS50AB8876,india_hsrp_commercial
plate_4227.jpg,AP86WT5989,india_hsrp_ev
plate_4228.jpg,WB89BD5752,india_old_commercial
plate_4229.jpg,TN26HH9416,india_hsrp_private
plate_4230.jpg,CH14ZH3255,india_hsrp_private
plate_4231.jpg,DN58RV4118,india_hsrp_private
plate_4232.jpg,JH64BW3738,india_hsrp_commercial
plate_4233.jpg,DN59BR9832,india_hsrp_private
plate_4234.jpg,LD19VB2918,india_hsrp_commercial
plate_4235.jpg,RJ97SU8832,india_hsrp_commercial
plate_4236.jpg,GH549XY,foreign_eu_generic
plate_4237.jpg,MZ49YA2069,india_old_private
plate_4238.jpg,UK64KX6952,india_hsrp_private
plate_4239.jpg,CH02FH9182,india_hsrp_private
plate_4240.jpg,NY320MNP,foreign_us_generic
plate_4241.jpg,MP45ZP5437,india_hsrp_ev
plate_4242.jpg,CH89RG9773,india_hsrp_commercial
plate_4243.jpg,BR78RB8083,india_hsrp_private
plate_4244.jpg,JK09ET7072,india_hsrp_private
plate_4245.jpg,45266,foreign_gulf_style
plate_4246.jpg,TS59HR3891,india_hsrp_commercial
plate_4247.jpg,LD08WB1370,india_hsrp_private
plate_4248.jpg,JK22ET4100,india_old_private
plate_4249.jpg,MP48DB2702,india_hsrp_commercial
plate_4250.jpg,AN16CS4578,india_hsrp_private
plate_4251.jpg,AN28DY1198,india_hsrp_private
plate_4252.jpg,SK24AH9751,india_old_private
plate_4253.jpg,RJ04ZA9420,india_old_commercial
plate_4254.jpg,AS84RY3000,india_hsrp_commercial
plate_4255.jpg,GJ08HE4300,india_hsrp_ev
plate_4256.jpg,DD99UE4258,india_hsrp_private
plate_4257.jpg,PB29HK8845,india_hsrp_commercial
plate_4258.jpg,KL59EV3736,india_old_private
plate_4259.jpg,DD74UE2639,india_hsrp_ev
plate_4260.jpg,WB66WW7058,india_hsrp_private
plate_4261.jpg,MZ01CB8484,india_hsrp_ev
plate_4262.jpg,MN29VJ5340,india_hsrp_commercial
plate_4263.jpg,CD98XYZ,foreign_uk_style
plate_4264.jpg,DD49TC8687,india_hsrp_private
plate_4265.jpg,OR97ZX9413,india_hsrp_commercial
plate_4266.jpg,TR22MT5066,india_old_commercial
plate_4267.jpg,PY55VD3878,india_hsrp_private
plate_4268.jpg,HP08WD1123,india_old_private
plate_4269.jpg,GJ07WN5977,india_hsrp_private
plate_4270.jpg,OR98RB7959,india_old_ev
plate_4271.jpg,LD99LG2219,india_hsrp_private
plate_4272.jpg,HR37LF6976,india_old_commercial
plate_4273.jpg,RJ67TX5813,india_old_private
plate_4274.jpg,TN67NW2650,india_hsrp_commercial
plate_4275.jpg,UP55DY2825,india_old_commercial
plate_4276.jpg,CH42KJ2186,india_old_private
plate_4277.jpg,RJ23CH7428,india_hsrp_private
plate_4278.jpg,MZ11YD4582,india_hsrp_private
plate_4279.jpg,DL15AA8457,india_hsrp_commercial
plate_4280.jpg,KL29HR2432,india_hsrp_private
plate_4281.jpg,CH72ZP6980,india_hsrp_ev
plate_4282.jpg,AS82KX3363,india_hsrp_private
plate_4283.jpg,UP33DJ1326,india_old_private
plate_4284.jpg,TX426XYZ,foreign_us_generic
plate_4285.jpg,FL718ABC,foreign_us_generic
plate_4286.jpg,MP43KD2080,india_hsrp_private
plate_4287.jpg,AB813XY,foreign_eu_generic
plate_4288.jpg,CA321XYZ,foreign_us_generic
plate_4289.jpg,EF32ABC,foreign_uk_style
plate_4290.jpg,GA98EW7912,india_old_private
plate_4291.jpg,DL71MX5129,india_hsrp_private
plate_4292.jpg,MH19AG1285,india_hsrp_private
plate_4293.jpg,OR93JH7962,india_old_private
plate_4294.jpg,AS54RJ3240,india_hsrp_private
plate_4295.jpg,AN81NC9725,india_hsrp_private
plate_4296.jpg,HR76WX3028,india_old_private
plate_4297.jpg,NL82ZS9203,india_hsrp_commercial
plate_4298.jpg,UP49BY7391,india_hsrp_commercial
plate_4299.jpg,EF18KLM,foreign_uk_style
plate_4300.jpg,SK80DR6180,india_hsrp_commercial
plate_4301.jpg,KA15EV7933,india_old_private
plate_4302.jpg,AP33FK6347,india_hsrp_private
plate_4303.jpg,HP04BM7735,india_old_commercial
plate_4304.jpg,SK75DH6308,india_hsrp_private
plate_4305.jpg,BR74ZX2081,india_old_private
plate_4306.jpg,PB63XW1491,india_hsrp_commercial
plate_4307.jpg,TN64PH2249,india_hsrp_private
plate_4308.jpg,AR13DX4866,india_old_private
plate_4309.jpg,GA58AR9458,india_old_private
plate_4310.jpg,GJ18SW1775,india_hsrp_ev
plate_4311.jpg,AS96LG5006,india_old_commercial
plate_4312.jpg,MN35CL3723,india_hsrp_commercial
plate_4313.jpg,RJ42LG3181,india_hsrp_commercial
plate_4314.jpg,AP93PF5026,india_hsrp_private
plate_4315.jpg,TR50ZT8099,india_hsrp_private
plate_4316.jpg,70404,foreign_gulf_style
plate_4317.jpg,AP19TA3652,india_hsrp_ev
plate_4318.jpg,EF84KLM,foreign_uk_style
plate_4319.jpg,DD54AP9985,india_old_private
plate_4320.jpg,JH70HK4876,india_hsrp_private
plate_4321.jpg,AB62KLM,foreign_uk_style
plate_4322.jpg,DD02DC8864,india_hsrp_ev
plate_4323.jpg,NL87US6002,india_hsrp_private
plate_4324.jpg,MZ66FU4574,india_hsrp_private
plate_4325.jpg,GA16UA5839,india_hsrp_private
plate_4326.jpg,GH479XY,foreign_eu_generic
plate_4327.jpg,78657,foreign_gulf_style
plate_4328.jpg,UP16VH7380,india_hsrp_private
plate_4329.jpg,NL75XA9711,india_hsrp_private
plate_4330.jpg,PY88GB9530,india_hsrp_private
plate_4331.jpg,MN93AS4283,india_old_private
plate_4332.jpg,LD38MD6396,india_old_commercial
plate_4333.jpg,TN65PJ6621,india_hsrp_commercial
plate_4334.jpg,UP75PS9235,india_hsrp_commercial
plate_4335.jpg,UK97XJ3014,india_hsrp_private
plate_4336.jpg,AR32AE8695,india_hsrp_private
plate_4337.jpg,TR95ZZ4519,india_hsrp_private
plate_4338.jpg,WB72RB7177,india_hsrp_ev
plate_4339.jpg,PB21WF6679,india_hsrp_private
plate_4340.jpg,DN81PF2296,india_old_private
plate_4341.jpg,ML48JB3472,india_hsrp_commercial
plate_4342.jpg,TS04TG5350,india_hsrp_private
plate_4343.jpg,FL737MNP,foreign_us_generic
plate_4344.jpg,PB27BG1096,india_hsrp_private
plate_4345.jpg,MZ07VX6971,india_hsrp_commercial
plate_4346.jpg,AN65TD6134,india_old_private
plate_4347.jpg,KA54TE1250,india_hsrp_private
plate_4348.jpg,AB339XY,foreign_eu_generic
plate_4349.jpg,MH44WW8591,india_hsrp_private
plate_4350.jpg,CD862MN,foreign_eu_generic
plate_4351.jpg,AB14KLM,foreign_uk_style
plate_4352.jpg,DL14YX1810,india_hsrp_commercial
plate_4353.jpg,MH32HV7741,india_old_private
plate_4354.jpg,KA16AJ5217,india_hsrp_commercial
plate_4355.jpg,MP94EM7327,india_hsrp_private
plate_4356.jpg,TN87JV7233,india_old_ev
plate_4357.jpg,NY231MNP,foreign_us_generic
plate_4358.jpg,CH65CW9323,india_hsrp_private
plate_4359.jpg,NL99FV2467,india_hsrp_commercial
plate_4360.jpg,BR19YX9118,india_hsrp_ev
plate_4361.jpg,CD28ABC,foreign_uk_style
plate_4362.jpg,LD69VY6222,india_hsrp_ev
plate_4363.jpg,NL14CR3489,india_hsrp_private
plate_4364.jpg,ML57TK5411,india_hsrp_ev
plate_4365.jpg,UP14AK6436,india_hsrp_commercial
plate_4366.jpg,JK91CU2968,india_hsrp_commercial
plate_4367.jpg,ML90WH9059,india_old_commercial
plate_4368.jpg,MP97KG8217,india_hsrp_private
plate_4369.jpg,WB50MH2982,india_old_ev
plate_4370.jpg,MN74NS5855,india_hsrp_private
plate_4371.jpg,PY63BV8963,india_hsrp_private
plate_4372.jpg,AB461KL,foreign_eu_generic
plate_4373.jpg,84013,foreign_gulf_style
plate_4374.jpg,DL63ED5459,india_hsrp_ev
plate_4375.jpg,96050,foreign_gulf_style
plate_4376.jpg,TR94JN8789,india_old_private
plate_4377.jpg,SK71PU6373,india_hsrp_private
plate_4378.jpg,TN77GK2522,india_hsrp_commercial
plate_4379.jpg,MN92ZX3123,india_old_private
plate_4380.jpg,80195,foreign_gulf_style
plate_4381.jpg,EF565KL,foreign_eu_generic
plate_4382.jpg,EF66ABC,foreign_uk_style
plate_4383.jpg,AR48SJ8442,india_hsrp_private
plate_4384.jpg,UP68VA5586,india_old_commercial
plate_4385.jpg,EF374XY,foreign_eu_generic
plate_4386.jpg,HP75DN8164,india_hsrp_private
plate_4387.jpg,DD12WT9056,india_hsrp_commercial
plate_4388.jpg,LD59UE2529,india_hsrp_private
plate_4389.jpg,NL68TN9317,india_hsrp_private
plate_4390.jpg,KA27VC8783,india_hsrp_private
plate_4391.jpg,DD45SC2090,india_old_private
plate_4392.jpg,DN04YX1505,india_old_private
plate_4393.jpg,CD41XYZ,foreign_uk_style
plate_4394.jpg,OR67FF4690,india_hsrp_ev
plate_4395.jpg,JK94AM6790,india_hsrp_private
plate_4396.jpg,MZ56NM8472,india_old_ev
plate_4397.jpg,AS38NZ8016,india_hsrp_private
plate_4398.jpg,AN03NV3343,india_old_private
plate_4399.jpg,MZ58JK6459,india_hsrp_commercial
plate_4400.jpg,MP67ER5035,india_hsrp_private
plate_4401.jpg,27752,foreign_gulf_style
plate_4402.jpg,AN35RZ7051,india_hsrp_private
plate_4403.jpg,NY415MNP,foreign_us_generic
plate_4404.jpg,OR10AM2033,india_hsrp_private
plate_4405.jpg,EF78KLM,foreign_uk_style
plate_4406.jpg,JK14LW8827,india_hsrp_commercial
plate_4407.jpg,OR91KK7568,india_hsrp_ev
plate_4408.jpg,SK54KE6560,india_hsrp_commercial
plate_4409.jpg,AN08CG5733,india_hsrp_private
plate_4410.jpg,PY32BV1660,india_hsrp_private
plate_4411.jpg,MZ09HU9522,india_hsrp_private
plate_4412.jpg,CD60ABC,foreign_uk_style
plate_4413.jpg,NL46RD4979,india_hsrp_ev
plate_4414.jpg,UK74DE7700,india_hsrp_commercial
plate_4415.jpg,GH563XY,foreign_eu_generic
plate_4416.jpg,MZ78KC1357,india_old_commercial
plate_4417.jpg,AS01HY5079,india_hsrp_private
plate_4418.jpg,MP03HP4367,india_old_private
plate_4419.jpg,TN03LW2077,india_hsrp_ev
plate_4420.jpg,GA92TB5424,india_hsrp_ev
plate_4421.jpg,38352,foreign_gulf_style
plate_4422.jpg,AB970XY,foreign_eu_generic
plate_4423.jpg,GA55FR3770,india_old_commercial
plate_4424.jpg,LD92YR4763,india_hsrp_private
plate_4425.jpg,TN35MK4488,india_hsrp_ev
plate_4426.jpg,CH90TV5415,india_hsrp_private
plate_4427.jpg,CH72ZY6841,india_hsrp_private
plate_4428.jpg,PY25DY8116,india_hsrp_private
plate_4429.jpg,JK36CF4721,india_hsrp_private
plate_4430.jpg,SK26YM6913,india_hsrp_private
plate_4431.jpg,SK40BB6937,india_hsrp_private
plate_4432.jpg,HP88GS6650,india_hsrp_commercial
plate_4433.jpg,TX455ABC,foreign_us_generic
plate_4434.jpg,TR03UC8963,india_hsrp_commercial
plate_4435.jpg,AB90XYZ,foreign_uk_style
plate_4436.jpg,DD99RS4874,india_hsrp_commercial
plate_4437.jpg,WB62TZ3077,india_old_commercial
plate_4438.jpg,FL876XYZ,foreign_us_generic
plate_4439.jpg,SK73TG7070,india_hsrp_ev
plate_4440.jpg,KA12PA4258,india_hsrp_commercial
plate_4441.jpg,NY357XYZ,foreign_us_generic
plate_4442.jpg,UK56YZ4791,india_hsrp_private
plate_4443.jpg,CA754MNP,foreign_us_generic
plate_4444.jpg,GA83KY6782,india_hsrp_commercial
plate_4445.jpg,JK07JS7782,india_hsrp_private
plate_4446.jpg,ML59MK4228,india_old_private
plate_4447.jpg,RJ01HE2976,india_hsrp_private
plate_4448.jpg,TR66HF8342,india_hsrp_commercial
plate_4449.jpg,DL48UT4210,india_old_private
plate_4450.jpg,DL21YW1338,india_old_commercial
plate_4451.jpg,SK23GT9110,india_old_private
plate_4452.jpg,SK77NU8814,india_hsrp_private
plate_4453.jpg,GA91NY9813,india_old_commercial
plate_4454.jpg,TX135MNP,foreign_us_generic
plate_4455.jpg,PY20CW2949,india_hsrp_private
plate_4456.jpg,EF339XY,foreign_eu_generic
plate_4457.jpg,AB967XY,foreign_eu_generic
plate_4458.jpg,UK35EC1682,india_old_ev
plate_4459.jpg,HR95TJ6994,india_hsrp_private
plate_4460.jpg,WB99HG3313,india_hsrp_private
plate_4461.jpg,JH06HN2187,india_hsrp_private
plate_4462.jpg,CD79XYZ,foreign_uk_style
plate_4463.jpg,AN32SM8048,india_hsrp_private
plate_4464.jpg,HR43NK9850,india_old_commercial
plate_4465.jpg,AB10KLM,foreign_uk_style
plate_4466.jpg,HR50EK1367,india_hsrp_ev
plate_4467.jpg,JH96VH9181,india_hsrp_commercial
plate_4468.jpg,TR52HV2885,india_hsrp_private
plate_4469.jpg,JH46WN1906,india_hsrp_commercial
plate_4470.jpg,CA362ABC,foreign_us_generic
plate_4471.jpg,UP15VR2355,india_hsrp_private
plate_4472.jpg,HP58DT6211,india_hsrp_ev
plate_4473.jpg,UP57UV6575,india_hsrp_private
plate_4474.jpg,MN37YJ3032,india_hsrp_private
plate_4475.jpg,DL48CR5698,india_hsrp_private
plate_4476.jpg,MP13FD4409,india_hsrp_private
plate_4477.jpg,AS86YK8937,india_hsrp_private
plate_4478.jpg,TX182XYZ,foreign_us_generic
plate_4479.jpg,DL82WJ7475,india_old_private
plate_4480.jpg,92907,foreign_gulf_style
plate_4481.jpg,UP85XL8497,india_hsrp_private
plate_4482.jpg,OR95JN1841,india_hsrp_private
plate_4483.jpg,BR17HG6825,india_hsrp_commercial
plate_4484.jpg,DD14AX2355,india_old_commercial
plate_4485.jpg,PY55FT8557,india_hsrp_commercial
plate_4486.jpg,UP34HV6715,india_old_private
plate_4487.jpg,TS87VB8426,india_hsrp_commercial
plate_4488.jpg,PB56SG4169,india_hsrp_ev
plate_4489.jpg,HP89PM2282,india_hsrp_private
plate_4490.jpg,NL48EN1795,india_hsrp_commercial
plate_4491.jpg,GA74DE2211,india_hsrp_private
plate_4492.jpg,BR51LG2831,india_hsrp_commercial
plate_4493.jpg,MN49MH9332,india_old_private
plate_4494.jpg,AB96ABC,foreign_uk_style
plate_4495.jpg,BR65RK6860,india_hsrp_private
plate_4496.jpg,GA38TB7964,india_hsrp_private
plate_4497.jpg,CH88DK2315,india_hsrp_private
plate_4498.jpg,EF397MN,foreign_eu_generic
plate_4499.jpg,TS71VX2802,india_old_private
plate_4500.jpg,RJ42JA8255,india_old_private
plate_4501.jpg,UK60VJ4219,india_hsrp_private
plate_4502.jpg,AN19SD8843,india_old_ev
plate_4503.jpg,MH43DB7841,india_old_commercial
plate_4504.jpg,RJ07AD9791,india_hsrp_commercial
plate_4505.jpg,ML69GM9401,india_hsrp_private
plate_4506.jpg,CA698MNP,foreign_us_generic
plate_4507.jpg,KL85BP3668,india_hsrp_private
plate_4508.jpg,AP79XR3700,india_hsrp_private
plate_4509.jpg,DD29LG8667,india_old_private
plate_4510.jpg,AR10MB8343,india_old_commercial
plate_4511.jpg,MP70HB3205,india_hsrp_ev
plate_4512.jpg,JK58JH6075,india_old_commercial
plate_4513.jpg,DL87KM6536,india_hsrp_commercial
plate_4514.jpg,TS76UN5994,india_old_private
plate_4515.jpg,PB85DH8256,india_hsrp_private
plate_4516.jpg,PY49FM1585,india_hsrp_commercial
plate_4517.jpg,ML01XR9091,india_hsrp_private
plate_4518.jpg,EF19ABC,foreign_uk_style
plate_4519.jpg,BR26VC6980,india_hsrp_private
plate_4520.jpg,AS81YL5007,india_hsrp_ev
plate_4521.jpg,JH48UF6710,india_hsrp_private
plate_4522.jpg,NY388MNP,foreign_us_generic
plate_4523.jpg,ML25FG6780,india_hsrp_commercial
plate_4524.jpg,AB653KL,foreign_eu_generic
plate_4525.jpg,AB49KLM,foreign_uk_style
plate_4526.jpg,BR59FR3713,india_hsrp_commercial
plate_4527.jpg,HR94MH1525,india_old_commercial
plate_4528.jpg,AB760MN,foreign_eu_generic
plate_4529.jpg,39009,foreign_gulf_style
plate_4530.jpg,KA55TC1918,india_hsrp_ev
plate_4531.jpg,AN06BP4454,india_hsrp_private
plate_4532.jpg,KL61AE3326,india_old_private
plate_4533.jpg,WB66PR2758,india_hsrp_private
plate_4534.jpg,GJ28AD6003,india_hsrp_private
plate_4535.jpg,LD50PS6180,india_hsrp_private
plate_4536.jpg,WB79RX7027,india_hsrp_private
plate_4537.jpg,AN63FC4682,india_hsrp_private
plate_4538.jpg,OR09LT5142,india_old_private
plate_4539.jpg,83593,foreign_gulf_style
plate_4540.jpg,NL14LP3601,india_old_private
plate_4541.jpg,UK94TW8215,india_hsrp_commercial
plate_4542.jpg,TN35PU8899,india_hsrp_private
plate_4543.jpg,PY05ME8091,india_hsrp_private
plate_4544.jpg,CA149XYZ,foreign_us_generic
plate_4545.jpg,AB881KL,foreign_eu_generic
plate_4546.jpg,EF62XYZ,foreign_uk_style
plate_4547.jpg,TS19XP7800,india_hsrp_commercial
plate_4548.jpg,WB29RJ7521,india_old_private
plate_4549.jpg,KA56TS9105,india_hsrp_private
plate_4550.jpg,PB81XC1356,india_hsrp_commercial
plate_4551.jpg,AP46AJ9402,india_hsrp_commercial
plate_4552.jpg,PB74WT7655,india_hsrp_commercial
plate_4553.jpg,JH46BJ2384,india_old_commercial
plate_4554.jpg,AP96EX3779,india_hsrp_commercial
plate_4555.jpg,CD408XY,foreign_eu_generic
plate_4556.jpg,CD90ABC,foreign_uk_style
plate_4557.jpg,UK03NB6858,india_hsrp_private
plate_4558.jpg,RJ10BU2843,india_old_commercial
plate_4559.jpg,MP22BE6800,india_hsrp_private
plate_4560.jpg,MP34TL7090,india_old_private
plate_4561.jpg,TR51NA9284,india_hsrp_private
plate_4562.jpg,DL93XZ3886,india_old_commercial
plate_4563.jpg,TR70NA3720,india_old_private
plate_4564.jpg,HP57AL9098,india_hsrp_private
plate_4565.jpg,TN01MN2618,india_hsrp_private
plate_4566.jpg,RJ60TX1357,india_hsrp_ev
plate_4567.jpg,AR08BC2423,india_hsrp_private
plate_4568.jpg,JH62JE5315,india_hsrp_commercial
plate_4569.jpg,NL22TG2649,india_hsrp_commercial
plate_4570.jpg,PB03HH7654,india_hsrp_private
plate_4571.jpg,MP73JH3368,india_old_private
plate_4572.jpg,BR77CZ9945,india_hsrp_commercial
plate_4573.jpg,ML67FT1136,india_hsrp_private
plate_4574.jpg,KL76WB1701,india_old_commercial
plate_4575.jpg,AB77XYZ,foreign_uk_style
plate_4576.jpg,KA76GU7773,india_hsrp_ev
plate_4577.jpg,AR31BZ5817,india_hsrp_commercial
plate_4578.jpg,MZ12KF9308,india_hsrp_private
plate_4579.jpg,UK57ZW4743,india_hsrp_private
plate_4580.jpg,UK50DZ7571,india_hsrp_private
plate_4581.jpg,RJ69RL7045,india_hsrp_private
plate_4582.jpg,DL57JU9381,india_old_private
plate_4583.jpg,DD35CN4208,india_old_commercial
plate_4584.jpg,AB27ABC,foreign_uk_style
plate_4585.jpg,BR45FJ8248,india_old_private
plate_4586.jpg,NL65AH5697,india_hsrp_commercial
plate_4587.jpg,RJ31BN4797,india_hsrp_commercial
plate_4588.jpg,WB12YT3166,india_hsrp_private
plate_4589.jpg,SK60MR4647,india_old_private
plate_4590.jpg,GJ86SF1528,india_hsrp_commercial
plate_4591.jpg,MH43KC3217,india_hsrp_commercial
plate_4592.jpg,AR43NK1552,india_hsrp_private
plate_4593.jpg,GA98GC1033,india_old_commercial
plate_4594.jpg,EF69KLM,foreign_uk_style
plate_4595.jpg,DL08NE3541,india_old_commercial
plate_4596.jpg,DN14CN6224,india_old_ev
plate_4597.jpg,CH85YC3479,india_hsrp_commercial
plate_4598.jpg,CH85GE4763,india_old_private
plate_4599.jpg,OR54PF9381,india_hsrp_private
plate_4600.jpg,77925,foreign_gulf_style
plate_4601.jpg,WB98UZ9533,india_hsrp_ev
plate_4602.jpg,LD92KF2625,india_hsrp_commercial
plate_4603.jpg,UK23KS7712,india_hsrp_private
plate_4604.jpg,CH79DY5853,india_hsrp_commercial
plate_4605.jpg,LD59TG1542,india_hsrp_private
plate_4606.jpg,AR17KU4811,india_hsrp_private
plate_4607.jpg,AN29AF3621,india_old_private
plate_4608.jpg,BR04NF3593,india_hsrp_commercial
plate_4609.jpg,EF633XY,foreign_eu_generic
plate_4610.jpg,KL82ZU2033,india_hsrp_commercial
plate_4611.jpg,KA32PE2841,india_hsrp_private
plate_4612.jpg,EF407KL,foreign_eu_generic
plate_4613.jpg,LD73KX8128,india_hsrp_private
plate_4614.jpg,AR68JF7115,india_hsrp_commercial
plate_4615.jpg,MZ82BV4730,india_hsrp_commercial
plate_4616.jpg,AB569KL,foreign_eu_generic
plate_4617.jpg,OR26YF3162,india_hsrp_commercial
plate_4618.jpg,69256,foreign_gulf_style
plate_4619.jpg,OR27ZJ5527,india_old_private
plate_4620.jpg,KL53VB3018,india_hsrp_commercial
plate_4621.jpg,JH01HZ2953,india_hsrp_private
plate_4622.jpg,TN13WY3763,india_hsrp_ev
plate_4623.jpg,TN68TE3536,india_hsrp_private
plate_4624.jpg,RJ84VF5315,india_hsrp_ev
plate_4625.jpg,LD64SM9633,india_hsrp_ev
plate_4626.jpg,RJ53DY6031,india_hsrp_commercial
plate_4627.jpg,16507,foreign_gulf_style
plate_4628.jpg,PY12DW3348,india_hsrp_commercial
plate_4629.jpg,UK05JB3459,india_old_commercial
plate_4630.jpg,GA05PD4639,india_hsrp_private
plate_4631.jpg,ML64ME8392,india_hsrp_commercial
plate_4632.jpg,JH71MN9542,india_hsrp_private
plate_4633.jpg,71563,foreign_gulf_style
plate_4634.jpg,LD73ZN8320,india_old_commercial
plate_4635.jpg,AP04AC8418,india_hsrp_commercial
plate_4636.jpg,TR43AH5356,india_hsrp_private
plate_4637.jpg,85512,foreign_gulf_style
plate_4638.jpg,JH91AL2263,india_hsrp_private
plate_4639.jpg,UP22HL7336,india_hsrp_private
plate_4640.jpg,MZ85ER3411,india_old_private
plate_4641.jpg,CA591ABC,foreign_us_generic
plate_4642.jpg,LD47VE9819,india_hsrp_private
plate_4643.jpg,MH41JX3789,india_hsrp_private
plate_4644.jpg,HR08MA7104,india_hsrp_commercial
plate_4645.jpg,JK19PG5252,india_hsrp_private
plate_4646.jpg,AP12GZ2857,india_old_private
plate_4647.jpg,UP60HB7752,india_hsrp_ev
plate_4648.jpg,TN20XS6080,india_hsrp_private
plate_4649.jpg,HP96VW9197,india_hsrp_commercial
plate_4650.jpg,RJ34CY6625,india_old_private
plate_4651.jpg,84694,foreign_gulf_style
plate_4652.jpg,42639,foreign_gulf_style
plate_4653.jpg,ML51BF7751,india_hsrp_commercial
plate_4654.jpg,TS63SZ2800,india_old_private
plate_4655.jpg,JK72EG1345,india_hsrp_commercial
plate_4656.jpg,TN88LC9617,india_hsrp_private
plate_4657.jpg,ML87CL5799,india_hsrp_private
plate_4658.jpg,GH432KL,foreign_eu_generic
plate_4659.jpg,DN35HA3626,india_hsrp_commercial
plate_4660.jpg,JK65SR4919,india_hsrp_private
plate_4661.jpg,AR38HM5415,india_old_commercial
plate_4662.jpg,OR77SP4081,india_old_commercial
plate_4663.jpg,MP92SA3220,india_hsrp_commercial
plate_4664.jpg,92312,foreign_gulf_style
plate_4665.jpg,DL05WL6124,india_old_private
plate_4666.jpg,RJ05BC2295,india_hsrp_private
plate_4667.jpg,AP52DV7659,india_hsrp_commercial
plate_4668.jpg,51917,foreign_gulf_style
plate_4669.jpg,CA175ABC,foreign_us_generic
plate_4670.jpg,KL34XH7711,india_old_commercial
plate_4671.jpg,OR54UU4342,india_hsrp_private
plate_4672.jpg,DL94VU1308,india_hsrp_commercial
plate_4673.jpg,GJ09XE1389,india_hsrp_private
plate_4674.jpg,46765,foreign_gulf_style
plate_4675.jpg,ML60LC6983,india_hsrp_commercial
plate_4676.jpg,DD32ZW5067,india_hsrp_private
plate_4677.jpg,AR09RX9727,india_old_ev
plate_4678.jpg,DL16GA3227,india_old_commercial
plate_4679.jpg,MN58GJ8591,india_hsrp_ev
plate_4680.jpg,MN62CC4231,india_hsrp_commercial
plate_4681.jpg,HR37KZ3030,india_hsrp_private
plate_4682.jpg,PB93AE3755,india_hsrp_ev
plate_4683.jpg,JH24TE9109,india_hsrp_private
plate_4684.jpg,RJ73YW9410,india_hsrp_commercial
plate_4685.jpg,AR61KC2658,india_hsrp_commercial
plate_4686.jpg,GA32PE7488,india_hsrp_private
plate_4687.jpg,CH37YK3359,india_hsrp_commercial
plate_4688.jpg,DD69PR6934,india_old_commercial
plate_4689.jpg,DL83BM6206,india_hsrp_commercial
plate_4690.jpg,GA07CL4700,india_hsrp_private
plate_4691.jpg,MN21RL8445,india_hsrp_private
plate_4692.jpg,MH33JM7506,india_hsrp_private
plate_4693.jpg,DD37YX7432,india_old_private
plate_4694.jpg,EF86KLM,foreign_uk_style
plate_4695.jpg,69037,foreign_gulf_style
plate_4696.jpg,ML11NY6964,india_hsrp_private
plate_4697.jpg,OR40GL4241,india_hsrp_private
plate_4698.jpg,JK49SR4688,india_hsrp_commercial
plate_4699.jpg,DD29TK8903,india_hsrp_private
plate_4700.jpg,FL529XYZ,foreign_us_generic
plate_4701.jpg,DL27FT4915,india_old_private
plate_4702.jpg,AN71DB4536,india_hsrp_private
plate_4703.jpg,EF15XYZ,foreign_uk_style
plate_4704.jpg,TN06GK9788,india_old_commercial
plate_4705.jpg,AS10RR4309,india_hsrp_commercial
plate_4706.jpg,AS53KK1307,india_hsrp_private
plate_4707.jpg,HR21RD8595,india_hsrp_private
plate_4708.jpg,MZ05ZL6947,india_hsrp_private
plate_4709.jpg,AS21MW3963,india_hsrp_private
plate_4710.jpg,BR58AS1372,india_hsrp_private
plate_4711.jpg,CD469KL,foreign_eu_generic
plate_4712.jpg,CH35WP1146,india_hsrp_private
plate_4713.jpg,ML69FH2889,india_hsrp_commercial
plate_4714.jpg,NL56BV5275,india_hsrp_private
plate_4715.jpg,35102,foreign_gulf_style
plate_4716.jpg,HR02XD1414,india_hsrp_commercial
plate_4717.jpg,BR05JC1748,india_old_commercial
plate_4718.jpg,65161,foreign_gulf_style
plate_4719.jpg,JH88NM6665,india_hsrp_private
plate_4720.jpg,KL43ZG5936,india_old_commercial
plate_4721.jpg,MZ05WB7057,india_hsrp_private
plate_4722.jpg,RJ63ZW2853,india_hsrp_commercial
plate_4723.jpg,LD15RS4443,india_old_commercial
plate_4724.jpg,MZ38FY9352,india_hsrp_private
plate_4725.jpg,CD513XY,foreign_eu_generic
plate_4726.jpg,40074,foreign_gulf_style
plate_4727.jpg,MP63EN1923,india_hsrp_private
plate_4728.jpg,HP19JL9862,india_hsrp_ev
plate_4729.jpg,TN48UD8115,india_hsrp_commercial
plate_4730.jpg,KA30AS4778,india_hsrp_commercial
plate_4731.jpg,MH09VG4875,india_hsrp_private
plate_4732.jpg,MH40TC7759,india_hsrp_private
plate_4733.jpg,CA645XYZ,foreign_us_generic
plate_4734.jpg,HR30TG2317,india_hsrp_private
plate_4735.jpg,AP26JG1748,india_hsrp_commercial
plate_4736.jpg,KA90RH1895,india_old_private
plate_4737.jpg,DD99CB2296,india_hsrp_ev
plate_4738.jpg,GH208KL,foreign_eu_generic
plate_4739.jpg,PY51HX1808,india_hsrp_ev
plate_4740.jpg,PB92YZ5582,india_old_commercial
plate_4741.jpg,UP55VW7751,india_hsrp_commercial
plate_4742.jpg,GJ57ZX3095,india_hsrp_commercial
plate_4743.jpg,KL50AE5446,india_hsrp_commercial
plate_4744.jpg,SK37MR6396,india_hsrp_ev
plate_4745.jpg,BR76SS9540,india_old_ev
plate_4746.jpg,MN54NC4683,india_hsrp_private
plate_4747.jpg,WB01UM1833,india_hsrp_private
plate_4748.jpg,LD56AL1262,india_hsrp_private
plate_4749.jpg,BR26VT8061,india_hsrp_private
plate_4750.jpg,82016,foreign_gulf_style
plate_4751.jpg,JH01WT9688,india_old_private
plate_4752.jpg,GA62VC9538,india_old_private
plate_4753.jpg,CH34WS2924,india_hsrp_private
plate_4754.jpg,AB55KLM,foreign_uk_style
plate_4755.jpg,TR35CK3028,india_hsrp_private
plate_4756.jpg,ML86SL2504,india_hsrp_private
plate_4757.jpg,TS45CE3404,india_hsrp_ev
plate_4758.jpg,ML69ZA2531,india_old_private
plate_4759.jpg,ML22DP5362,india_old_private
plate_4760.jpg,AS04VN3991,india_old_private
plate_4761.jpg,WB19HU7001,india_old_private
plate_4762.jpg,MN21YH7792,india_hsrp_commercial
plate_4763.jpg,AR35AL4423,india_hsrp_ev
plate_4764.jpg,NL42WK4474,india_hsrp_ev
plate_4765.jpg,MH77UZ7000,india_old_private
plate_4766.jpg,HR39UR5231,india_hsrp_private
plate_4767.jpg,AN74UK2030,india_hsrp_private
plate_4768.jpg,HR85JM3774,india_hsrp_private
plate_4769.jpg,UK20VL4219,india_hsrp_private
plate_4770.jpg,CD966XY,foreign_eu_generic
plate_4771.jpg,JH23TJ4750,india_hsrp_private
plate_4772.jpg,LD43PZ4428,india_hsrp_private
plate_4773.jpg,NL24RK4597,india_old_private
plate_4774.jpg,44340,foreign_gulf_style
plate_4775.jpg,CH58ME9425,india_hsrp_ev
plate_4776.jpg,LD72CA6311,india_hsrp_private
plate_4777.jpg,TN43UM6450,india_hsrp_ev
plate_4778.jpg,MZ22UN3076,india_hsrp_commercial
plate_4779.jpg,TS21VY7104,india_old_private
plate_4780.jpg,MN15ZF5962,india_hsrp_commercial
plate_4781.jpg,AB217XY,foreign_eu_generic
plate_4782.jpg,MH67JY5634,india_hsrp_private
plate_4783.jpg,PB60ST4167,india_hsrp_private
plate_4784.jpg,UP80MM2061,india_hsrp_private
plate_4785.jpg,MP26MB1649,india_hsrp_commercial
plate_4786.jpg,LD98KT3361,india_hsrp_private
plate_4787.jpg,KL16KG2317,india_old_commercial
plate_4788.jpg,FL473XYZ,foreign_us_generic
plate_4789.jpg,TS54WN1474,india_hsrp_commercial
plate_4790.jpg,UK28UM8122,india_hsrp_private
plate_4791.jpg,HP23PZ6553,india_hsrp_private
plate_4792.jpg,JH56EX2262,india_hsrp_private
plate_4793.jpg,MH11DC7347,india_hsrp_commercial
plate_4794.jpg,SK89NV4412,india_hsrp_private
plate_4795.jpg,GJ28RD3360,india_old_private
plate_4796.jpg,JK55HD4470,india_hsrp_commercial
plate_4797.jpg,AN96HP1776,india_old_commercial
plate_4798.jpg,RJ13YW5407,india_hsrp_private
plate_4799.jpg,GJ77JX3920,india_hsrp_commercial
plate_4800.jpg,MN74FB6723,india_hsrp_commercial
plate_4801.jpg,HR33NA6937,india_hsrp_private
plate_4802.jpg,FL769MNP,foreign_us_generic
plate_4803.jpg,RJ62ML4928,india_old_private
plate_4804.jpg,56879,foreign_gulf_style
plate_4805.jpg,RJ99DB6594,india_hsrp_private
plate_4806.jpg,PB17TA5127,india_hsrp_private
plate_4807.jpg,BR63AJ1942,india_old_private
plate_4808.jpg,HR36CG3902,india_hsrp_commercial
plate_4809.jpg,EF765MN,foreign_eu_generic
plate_4810.jpg,HP45WX6550,india_old_private
plate_4811.jpg,MZ68YC8656,india_hsrp_private
plate_4812.jpg,JK74WT3570,india_hsrp_private
plate_4813.jpg,KA44UG6330,india_hsrp_private
plate_4814.jpg,CD41ABC,foreign_uk_style
plate_4815.jpg,CD84KLM,foreign_uk_style
plate_4816.jpg,LD70MY8529,india_hsrp_private
plate_4817.jpg,EF76ABC,foreign_uk_style
plate_4818.jpg,AB33KLM,foreign_uk_style
plate_4819.jpg,MN06XE1901,india_old_private
plate_4820.jpg,MZ23SY7288,india_hsrp_private
plate_4821.jpg,MH99ZJ1946,india_hsrp_commercial
plate_4822.jpg,MZ60US3760,india_old_private
plate_4823.jpg,TS77PH9177,india_hsrp_private
plate_4824.jpg,CD134KL,foreign_eu_generic
plate_4825.jpg,HP40BR4589,india_hsrp_ev
plate_4826.jpg,AS44YL8454,india_old_private
plate_4827.jpg,SK76XX1080,india_hsrp_private
plate_4828.jpg,AP33RB9153,india_hsrp_private
plate_4829.jpg,MZ02PM5180,india_hsrp_private
plate_4830.jpg,LD99MB5221,india_hsrp_private
plate_4831.jpg,AR84EX8333,india_hsrp_private
plate_4832.jpg,UP37RM5593,india_hsrp_private
plate_4833.jpg,EF743MN,foreign_eu_generic
plate_4834.jpg,LD22BS9250,india_hsrp_private
plate_4835.jpg,GA25YY4670,india_hsrp_commercial
plate_4836.jpg,AN13DH7384,india_old_private
plate_4837.jpg,UK13CW6519,india_hsrp_commercial
plate_4838.jpg,TR65NG2785,india_hsrp_private
plate_4839.jpg,AB44XYZ,foreign_uk_style
plate_4840.jpg,KL31CW4516,india_hsrp_ev
plate_4841.jpg,HP97EF2443,india_hsrp_private
plate_4842.jpg,WB89VB4006,india_hsrp_private
plate_4843.jpg,BR74RE1821,india_hsrp_private
plate_4844.jpg,FL986MNP,foreign_us_generic
plate_4845.jpg,AS58JY5125,india_hsrp_commercial
plate_4846.jpg,TS71MJ4456,india_hsrp_ev
plate_4847.jpg,MN19XG9399,india_old_private
plate_4848.jpg,CD160XY,foreign_eu_generic
plate_4849.jpg,UP02HT8648,india_hsrp_commercial
plate_4850.jpg,NL41FX4062,india_hsrp_private
plate_4851.jpg,SK54AJ4722,india_hsrp_commercial
plate_4852.jpg,AN32FH3721,india_hsrp_private
plate_4853.jpg,NL77HB6719,india_hsrp_commercial
plate_4854.jpg,KA07PT9188,india_hsrp_ev
plate_4855.jpg,DD45TG1056,india_old_private
plate_4856.jpg,DL97KS9437,india_hsrp_private
plate_4857.jpg,RJ43XE5218,india_hsrp_private
plate_4858.jpg,UK69GT3232,india_hsrp_private
plate_4859.jpg,87658,foreign_gulf_style
plate_4860.jpg,MP04RH5100,india_hsrp_private
plate_4861.jpg,CA759XYZ,foreign_us_generic
plate_4862.jpg,KL82RR3499,india_hsrp_private
plate_4863.jpg,MN62CK8571,india_hsrp_private
plate_4864.jpg,DL36FE6367,india_old_private
plate_4865.jpg,KA80CK2935,india_hsrp_private
plate_4866.jpg,DL22XV1114,india_hsrp_private
plate_4867.jpg,RJ41SH6114,india_hsrp_commercial
plate_4868.jpg,KA57BP7029,india_hsrp_commercial
plate_4869.jpg,AP21NG5172,india_hsrp_commercial
plate_4870.jpg,MP75SV6792,india_hsrp_private
plate_4871.jpg,AR85VV3381,india_hsrp_private
plate_4872.jpg,AP04UK3781,india_old_commercial
plate_4873.jpg,GH494MN,foreign_eu_generic
plate_4874.jpg,BR96JZ7742,india_hsrp_private
plate_4875.jpg,MP87BF6850,india_old_private
plate_4876.jpg,WB06ZM9435,india_hsrp_private
plate_4877.jpg,GJ80FK1788,india_old_commercial
plate_4878.jpg,KA98LA4234,india_hsrp_commercial
plate_4879.jpg,TX790ABC,foreign_us_generic
plate_4880.jpg,TS76YN6693,india_hsrp_ev
plate_4881.jpg,PB14SC3229,india_hsrp_ev
plate_4882.jpg,MP72CH3251,india_hsrp_private
plate_4883.jpg,SK18ZL7138,india_old_private
plate_4884.jpg,DN43VM3218,india_hsrp_ev
plate_4885.jpg,MZ90DB5159,india_hsrp_commercial
plate_4886.jpg,UP30WZ8677,india_hsrp_commercial
plate_4887.jpg,TN15ZD3020,india_old_private
plate_4888.jpg,OR58JS2980,india_hsrp_private
plate_4889.jpg,TS92BZ5906,india_old_private
plate_4890.jpg,DN67RF3921,india_hsrp_private
plate_4891.jpg,ML30PE6870,india_old_private
plate_4892.jpg,DL35SK3666,india_old_commercial
plate_4893.jpg,KA70AS4570,india_hsrp_commercial
plate_4894.jpg,WB39SC4724,india_old_private
plate_4895.jpg,NY739ABC,foreign_us_generic
plate_4896.jpg,32959,foreign_gulf_style
plate_4897.jpg,GA48RV9539,india_hsrp_ev
plate_4898.jpg,WB74DV7707,india_hsrp_commercial
plate_4899.jpg,KL36AU3292,india_hsrp_private
plate_4900.jpg,MP26RW8748,india_hsrp_private
plate_4901.jpg,HR95YH6609,india_old_commercial
plate_4902.jpg,CA829ABC,foreign_us_generic
plate_4903.jpg,ML77SB2327,india_hsrp_private
plate_4904.jpg,MN92JH9958,india_hsrp_private
plate_4905.jpg,DD20SS7038,india_old_commercial
plate_4906.jpg,AR34RN6707,india_old_commercial
plate_4907.jpg,AS66ST8152,india_hsrp_private
plate_4908.jpg,JK93WZ5340,india_hsrp_commercial
plate_4909.jpg,HR64EZ6896,india_hsrp_private
plate_4910.jpg,CH66NU2301,india_hsrp_private
plate_4911.jpg,CH03WH6449,india_hsrp_private
plate_4912.jpg,AB65ABC,foreign_uk_style
plate_4913.jpg,51896,foreign_gulf_style
plate_4914.jpg,HR63KV3485,india_hsrp_commercial
plate_4915.jpg,MH74GM7335,india_old_commercial
plate_4916.jpg,KA92GS5274,india_hsrp_commercial
plate_4917.jpg,NL03TD4808,india_hsrp_private
plate_4918.jpg,KL23FM7213,india_old_private
plate_4919.jpg,PB11LG5085,india_hsrp_commercial
plate_4920.jpg,AB36ABC,foreign_uk_style
plate_4921.jpg,MH43VZ8101,india_hsrp_commercial
plate_4922.jpg,RJ78JG1964,india_old_private
plate_4923.jpg,LD10KL3914,india_hsrp_private
plate_4924.jpg,UK90TX8867,india_hsrp_private
plate_4925.jpg,NL32LY6894,india_hsrp_private
plate_4926.jpg,WB76TP9135,india_hsrp_private
plate_4927.jpg,AB158MN,foreign_eu_generic
plate_4928.jpg,MZ53NU2718,india_old_private
plate_4929.jpg,TS02DH2061,india_old_private
plate_4930.jpg,CA195XYZ,foreign_us_generic
plate_4931.jpg,CD577XY,foreign_eu_generic
plate_4932.jpg,GA32WF7669,india_old_private
plate_4933.jpg,UK38NS1247,india_hsrp_commercial
plate_4934.jpg,49544,foreign_gulf_style
plate_4935.jpg,AS99DP2902,india_hsrp_private
plate_4936.jpg,UP22NB5724,india_old_commercial
plate_4937.jpg,UP29LB3559,india_hsrp_private
plate_4938.jpg,TN57WA6937,india_hsrp_private
plate_4939.jpg,HR74KX8605,india_hsrp_private
plate_4940.jpg,GA79VB3137,india_old_commercial
plate_4941.jpg,PY03AU5345,india_hsrp_private
plate_4942.jpg,ML84AM1505,india_hsrp_private
plate_4943.jpg,LD25ZN2854,india_hsrp_private
plate_4944.jpg,EF99ABC,foreign_uk_style
plate_4945.jpg,NL11HC8791,india_hsrp_private
plate_4946.jpg,AS32GR6903,india_old_private
plate_4947.jpg,JH34DE4275,india_old_private
plate_4948.jpg,KA63PA5964,india_old_private
plate_4949.jpg,PB70DK3559,india_hsrp_commercial
plate_4950.jpg,CD59KLM,foreign_uk_style
plate_4951.jpg,CH33JN3454,india_old_private
plate_4952.jpg,UK04HT6158,india_hsrp_private
plate_4953.jpg,BR87ZE1649,india_hsrp_private
plate_4954.jpg,UK86JM8086,india_hsrp_private
plate_4955.jpg,MN02CG8167,india_old_commercial
plate_4956.jpg,MZ36VJ5248,india_old_commercial
plate_4957.jpg,AR83LX7327,india_hsrp_commercial
plate_4958.jpg,TS53FJ3818,india_hsrp_private
plate_4959.jpg,96601,foreign_gulf_style
plate_4960.jpg,TS29ZD6676,india_hsrp_commercial
plate_4961.jpg,JK34EK5908,india_hsrp_private
plate_4962.jpg,JK99ET7850,india_hsrp_private
plate_4963.jpg,GH442KL,foreign_eu_generic
plate_4964.jpg,MN95BB9185,india_old_private
plate_4965.jpg,TS95ZX7422,india_old_private
plate_4966.jpg,DD96WF3941,india_hsrp_commercial
plate_4967.jpg,ML85SH8839,india_hsrp_private
plate_4968.jpg,TN98SL8527,india_old_private
plate_4969.jpg,UK72DV4015,india_hsrp_commercial
plate_4970.jpg,SK32PC1381,india_old_private
plate_4971.jpg,MZ27NG4347,india_hsrp_private
plate_4972.jpg,TR90VC8147,india_hsrp_private
plate_4973.jpg,MN41AZ8492,india_hsrp_ev
plate_4974.jpg,LD09AV8948,india_old_commercial
plate_4975.jpg,DL62YS8838,india_hsrp_private
plate_4976.jpg,JH40YD2945,india_hsrp_commercial
plate_4977.jpg,RJ10GT8084,india_hsrp_private
plate_4978.jpg,OR06RF1073,india_hsrp_private
plate_4979.jpg,CD82ABC,foreign_uk_style
plate_4980.jpg,PY34VZ8257,india_hsrp_private
plate_4981.jpg,MH50CT7504,india_hsrp_private
plate_4982.jpg,DL68MF5209,india_hsrp_private
plate_4983.jpg,MH27DZ4772,india_hsrp_private
plate_4984.jpg,AR97UP4635,india_hsrp_private
plate_4985.jpg,AS91UL3118,india_hsrp_ev
plate_4986.jpg,FL155XYZ,foreign_us_generic
plate_4987.jpg,GA88XE8263,india_hsrp_ev
plate_4988.jpg,GH132KL,foreign_eu_generic
plate_4989.jpg,HP57HW5896,india_hsrp_commercial
plate_4990.jpg,PB24BJ1538,india_old_commercial
plate_4991.jpg,TN52EW5563,india_hsrp_private
plate_4992.jpg,JH83WP4845,india_hsrp_commercial
plate_4993.jpg,LD99CZ3795,india_hsrp_private
plate_4994.jpg,MZ62PP7628,india_hsrp_private
plate_4995.jpg,WB94MV8207,india_old_ev
plate_4996.jpg,HP83HF3002,india_hsrp_ev
plate_4997.jpg,KL73VF2597,india_old_private
plate_4998.jpg,TN24RJ5179,india_hsrp_private
plate_4999.jpg,36282,foreign_gulf_style
